YEAR,JAN,FEB,MAR,APR,MAY,JUN,JUL,AUG,SEP,OCT,NOV,DEC,ANNUAL,JAN-FEB,MAR-MAY,JUN-SEP,OCT-DEC,,,,,,,,,,,
1901,13.58,14.72,17.91,20.93,23.18,24.05,23.82,23.58,22.09,20.2,16.16,13.41,19.51,14.16,20.67,23.38,16.59,,1901,13.58,1901-01-31,,,,,,,
1902,13.08,14.2,18.44,21.3,23.63,23.97,23.68,23.34,22.11,19.63,16.35,13.53,19.44,13.64,21.12,23.28,16.5,,1901.083333,14.72,1901-02-28,,,,,,,
1903,13.2,14.55,17.12,20.67,22.95,23.85,23.53,23.29,22.84,20.12,15.84,12.93,19.25,13.87,20.25,23.4,16.29,,1901.166667,17.91,1901-03-31,,,,,,,
1904,13.04,14.07,17.7,21.42,23.02,23.64,23.35,23.03,21.65,19.5,15.77,14.06,19.22,13.72,20.72,22.96,16.44,,1901.25,20.93,1901-04-30,,,,,,,
1905,12.83,12.74,16.88,19.62,23.32,24.13,23.93,24.31,22.47,21.65,16.63,13.59,19.03,12.81,19.97,23.43,16.39,,1901.333333,23.18,1901-05-31,,,,,,1901,13
1906,12.73,14.59,17.12,21.12,24.01,23.85,23.92,23.35,22.54,19.96,16.3,14.39,19.51,13.72,20.76,23.45,16.88,,1901.416667,24.05,1901-06-30,,,,,,1919,229
1907,14.07,14.85,17.05,22.17,22.39,23.4,23.51,23.19,21.84,19.55,16.37,12.5,19.08,14.46,19.87,22.98,16.14,,1901.5,23.82,1901-07-31,,,,,,,-22799
1908,13.14,14.21,17.04,21.69,23.1,23.87,23.71,23.29,21.91,19.17,15.24,12.59,19.09,13.68,20.61,23.19,15.7,,1901.583333,23.58,1901-08-31,,,,,,1944,529
1909,12.91,13.75,17.59,20.75,22.88,23.62,23.33,23.07,21.86,19.49,16.32,14.03,19.13,13.33,20.4,22.97,16.61,,1901.666667,22.09,1901-09-30,,,,,,1969,829
1910,13.04,14.31,17.32,20.49,23.22,23.61,23.47,23.36,22.16,19.17,15.13,12.76,19.01,13.68,20.35,23.15,15.72,,1901.75,20.2,1901-10-31,,,,,,1994,1129
1911,13.81,13.8,17.09,20.71,23.34,23.86,23.49,23.33,22.34,19.73,16.42,13.82,19.31,13.81,20.41,23.26,16.66,,1901.833333,16.16,1901-11-30,,,,,,2017,1405
1912,13.5,15.62,17.19,21.13,23.3,23.89,23.94,23.19,21.45,19.24,15.65,13.17,19.27,14.56,20.54,23.12,16.02,,1901.916667,13.41,1901-12-31,,,,,,,-22810
1913,12.69,15.13,16.67,21.2,22.83,23.58,23.35,23.13,21.74,19.31,15.58,13.84,19.09,13.91,20.24,22.96,16.24,,1902,13.08,1902-01-31,,,,,,,
1914,13.5,14.57,17.26,20.48,23.26,24.25,24.04,23.02,22.57,19.34,17,13.65,19.41,14.03,20.33,23.47,16.66,,1902.083333,14.2,1902-02-28,,,,,,,
1915,13.27,14.19,17.76,21.08,24.15,24.15,24.03,23.85,22.87,20.79,16.75,12.83,19.64,13.73,21,23.72,16.79,,1902.166667,18.44,1902-03-31,,,,,,,
1916,12.92,14.36,18.28,21.69,22.9,23.84,23.55,23.57,22.28,20.25,15.92,12.52,19.34,13.64,20.95,23.31,16.23,,1902.25,21.3,1902-04-30,,,,,,,
1917,12.65,14.55,17.06,19.96,22.13,23.45,23.74,23.43,22.53,19.75,15.66,13.35,19.02,13.6,19.72,23.29,16.25,,1902.333333,23.63,1902-05-31,,,,,,,
1918,12.48,14.01,17.44,19.86,23.19,23.37,23.72,23.36,21.75,19.07,16.47,13.44,19.02,13.24,20.15,23.06,16.33,,1902.416667,23.97,1902-06-30,,,,,,,
1919,14.24,14.2,17.73,20.83,23.03,24.1,23.77,23.59,21.88,19.3,16.12,13.66,19.37,14.22,20.53,23.33,16.36,,1902.5,23.68,1902-07-31,,,,,,,
1920,13.66,13.93,17.94,20.57,21.95,23.35,23.91,22.77,22.03,19.67,16.22,12.74,19.07,13.79,20.15,23.01,16.26,,1902.583333,23.34,1902-08-31,,,,,,,
1921,13.62,16.34,18.48,21.74,25.74,23.67,23.64,23.36,22.06,19.12,15.6,14.3,19.54,13.85,21.16,23.18,16.34,,1902.666667,22.11,1902-09-30,,,,,,,
1922,13.65,14.95,17.93,21.25,24.92,23.65,23.67,23.36,22.39,19.07,15.85,13.17,19.32,14.31,20.56,23.27,16.03,,1902.75,19.63,1902-10-31,,,,,,,
1923,13.2,14.52,17.82,21.24,23.42,24.38,23.38,23.48,21.74,19.21,15.79,14.11,19.36,13.88,20.83,23.24,16.37,,1902.833333,16.35,1902-11-30,,,,,,,
1924,13.32,14.9,18.35,21.66,22.58,23.94,24.05,23.58,22.13,19.58,15.92,14.13,19.52,14.11,20.86,23.42,16.56,,1902.916667,13.53,1902-12-31,,,,,,,
1925,12.51,13.59,17.68,21.95,23.08,23.62,23.72,23.21,22.17,19.79,16.38,13.13,19.24,13.05,20.9,23.18,16.43,,1903,13.2,1903-01-31,,,,,,,
1926,13.77,15.49,17.94,20.16,22.98,24.38,24.09,23.89,22.39,19.46,14.88,13.46,19.37,14.63,20.36,23.69,15.92,,1903.083333,14.55,1903-02-28,,,,,,,
1927,13.1,14.51,17.33,20.74,22.82,23.53,23.79,23.43,21.96,19.85,16.05,14.5,19.3,13.81,20.3,23.18,16.8,,1903.166667,17.12,1903-03-31,,,,,,,
1928,13.99,15.16,17.74,21.17,23.68,23.72,23.69,23.29,22.22,20.05,16.63,14,19.61,14.57,20.86,23.23,16.9,,1903.25,20.67,1903-04-30,,,,,,,
1929,13.44,13.99,18.23,21.28,23.48,23.62,23.73,23.22,22.09,19.64,16.22,13.79,19.4,13.71,21,23.17,16.55,,1903.333333,22.95,1903-05-31,,,,,,,
1930,12.9,13.64,17.93,20.93,23.19,23.47,23.8,23.15,21.99,19.98,16.06,13.49,19.21,13.27,20.7,23.1,16.51,,1903.416667,23.85,1903-06-30,,,,,,,
1931,14.12,14.92,17.6,21.87,23.56,24.01,23.47,23.92,22.37,20.44,16.45,14,19.73,14.52,21.01,23.44,16.97,,1903.5,23.53,1903-07-31,,,,,,,
1932,13.32,14.13,17.98,21.08,22.89,24.12,23.94,23.23,22.17,19.7,16.08,13.2,19.32,13.72,20.65,23.36,16.33,,1903.583333,23.29,1903-08-31,,,,,,,
1933,12.84,15.29,17.74,20.5,22.49,23.79,24,23.33,22.24,19.72,16.28,13.88,19.35,14.08,20.25,23.34,16.63,,1903.666667,22.84,1903-09-30,,,,,,,
1934,12.84,14.72,17.34,21.2,22.96,23.76,23.8,23.38,22.34,19.1,15.54,13.84,19.22,13.78,20.5,23.37,16.16,,1903.75,20.12,1903-10-31,,,,,,,
1935,12.81,16.08,17.69,20.05,23.51,23.82,23.72,22.94,21.79,19.29,16.09,13.86,19.21,13.84,20.39,23.07,16.41,,1903.833333,15.84,1903-11-30,,,,,,,
1936,13.04,14.88,17.61,21.01,24.01,23.35,23.68,23.28,22.43,19.6,16.96,14.53,19.53,13.96,20.87,23.18,17.03,,1903.916667,12.93,1903-12-31,,,,,,,
1937,12.7,15.52,17.15,20.68,23.32,24.2,23.63,23.53,22.23,19.14,15.99,12.92,19.25,14.11,20.39,23.4,16.02,,1904,13.04,1904-01-31,,,,,,,
1938,13.35,13.87,18.33,21.49,23.95,23.54,23.64,23.43,21.95,19.48,14.9,13.47,19.28,13.61,21.25,23.14,15.95,,1904.083333,14.07,1904-02-29,,,,,,,
1939,13.2,14.7,16.62,20.3,23.3,23.72,23.71,23.3,22.22,19.97,15.68,13.21,19.16,13.95,20.08,23.23,16.29,,1904.166667,17.7,1904-03-31,,,,,,,
1940,12.49,14.64,17.09,20.37,23.46,24.09,23.92,23.12,21.87,19.51,16.68,13.67,19.24,13.57,20.31,23.25,16.62,,1904.25,21.42,1904-04-30,,,,,,,
1941,13.49,15.01,18.49,22.16,23.94,24.25,23.8,23.73,22.29,20.49,16.17,14.35,19.85,14.25,21.53,23.52,17,,1904.333333,23.02,1904-05-31,,,,,,,
1942,13.15,15.06,18.16,21.59,23.81,24.29,23.85,23.27,22.07,19.09,15.91,13.61,19.45,14.1,21.19,23.37,16.2,,1904.416667,23.64,1904-06-30,,,,,,,
1943,13.67,13.84,17.56,20.36,22.95,23.41,23.5,23.11,22.31,18.97,15.93,13.17,19.06,13.75,20.33,23.1,16.02,,1904.5,23.35,1904-07-31,,,,,,,
1944,12.82,14.08,17.17,20.38,23.62,23.72,23.96,23.56,21.82,19.15,16.04,13.98,19.18,13.45,20.39,23.29,16.38,,1904.583333,23.03,1904-08-31,,,,,,,
1945,12.34,13.51,17.54,20.23,23.01,23.99,23.71,23.3,22.46,19.3,15.21,12.04,18.89,12.93,20.26,23.36,15.52,,1904.666667,21.65,1904-09-30,,,,,,,
1946,12.21,14.9,17.34,21.51,23.34,23.83,23.85,23.47,21.86,20.02,16.36,13.9,19.38,13.55,20.73,23.25,16.76,,1904.75,19.5,1904-10-31,,,,,,,
1947,12.83,14.32,18.07,21.46,23.62,24.32,23.71,24.31,22.92,20.1,15.85,13.83,19.23,13.57,21.05,23.46,16.08,,1904.833333,15.77,1904-11-30,,,,,,,
1948,13.64,14.39,17.34,21.43,23.65,23.9,23.7,23.49,22.23,20.09,16.37,13.64,19.49,14.03,20.81,23.32,16.7,,1904.916667,14.06,1904-12-31,,,,,,,
1949,13.71,14.03,17.85,21.55,23.62,23.68,23.76,23.3,22.43,19.89,14.92,12.59,19.28,13.87,21.01,23.29,15.8,,1905,12.83,1905-01-31,,,,,,,
1950,13.17,13.62,17.13,20.26,23.46,24.06,23.75,23.24,21.97,19.2,15.26,12.69,18.95,13.39,20.28,23.25,15.72,,1905.083333,12.74,1905-02-28,,,,,,,
1951,13.82,13.56,17.61,20.09,23.1,23.45,23.45,23.66,22.41,20.98,17.02,13.48,19.36,13.2,20.27,23.24,17.16,,1905.166667,16.88,1905-03-31,,,,,,,
1952,13.42,15.64,17.37,21.71,23.66,24.07,23.86,23.4,22.22,19.61,15.49,13.7,19.51,14.53,20.91,23.39,16.27,,1905.25,19.62,1905-04-30,,,,,,,
1953,13.26,15.2,19.21,21.47,23.91,24.39,23.84,23.45,22.37,19.54,15.8,14.03,19.71,14.22,21.55,23.52,16.46,,1905.333333,23.32,1905-05-31,,,,,,,
1954,12.75,15.28,18.03,21.51,23.79,23.96,23.44,23.2,22.51,18.8,15.26,13.46,19.33,14.02,21.11,23.28,15.84,,1905.416667,24.13,1905-06-30,,,,,,,
1955,13.37,14.67,18.46,19.9,22.51,23.68,23.4,23.46,22.4,19.86,15.43,13.1,19.19,14.02,20.29,23.23,16.13,,1905.5,23.93,1905-07-31,,,,,,,
1956,12.86,13.66,18.04,21.4,23.79,23.62,23.41,23,22.25,19.84,15.9,13.64,19.29,13.25,21.09,23.07,16.46,,1905.583333,24.31,1905-08-31,,,,,,,
1957,13.42,13.78,16.87,20.47,22.94,23.76,23.82,23.33,22,19.59,16.9,14.68,19.3,13.6,20.09,23.23,17.06,,1905.666667,22.47,1905-09-30,,,,,,,
1958,14.25,14.9,18.25,21.95,23.33,24.29,24.2,23.31,22.77,20.31,16.83,14.65,19.92,14.58,21.18,23.64,17.26,,1905.75,21.65,1905-10-31,,,,,,,
1959,13.46,14.18,17.82,21.46,23.52,24.06,23.63,23.71,22.5,20.51,16.49,13.89,19.6,13.82,20.93,23.48,16.96,,1905.833333,16.63,1905-11-30,,,,,,,
1960,12.84,15.13,17.28,20.44,23.01,23.87,23.81,23.7,22.2,19.27,15.78,13.93,19.27,13.99,20.25,23.4,16.32,,1905.916667,13.59,1905-12-31,,,,,,,
1961,13.64,13.94,18.19,21.05,23.03,23.67,23.72,23.49,22.64,19.38,15.78,12.7,19.27,13.79,20.76,23.38,15.96,,1906,12.73,1906-01-31,,,,,,,
1962,12.18,14.85,17.52,21.14,22.92,23.69,23.8,23.24,22.13,19.18,15.87,13.91,19.2,13.52,20.53,23.21,16.32,,1906.083333,14.59,1906-02-28,,,,,,,
1963,12.29,14.5,17.67,20.47,22.58,23.62,23.61,23.31,22.03,19.96,17.16,14.13,19.28,13.39,20.24,23.14,17.08,,1906.166667,17.12,1906-03-31,,,,,,,
1964,12.39,14.38,18.39,21.51,22.7,23.56,23.18,23.28,22.01,19.55,15.17,13.17,19.11,13.38,20.87,23.01,15.96,,1906.25,21.12,1906-04-30,,,,,,,
1965,13.13,14.39,16.88,20.11,22.3,23.63,23.3,22.58,21.69,19.66,16.47,13.58,18.98,13.76,19.76,22.8,16.57,,1906.333333,24.01,1906-05-31,,,,,,,
1966,13.28,15.37,17.56,20.89,22.92,23.83,23.59,23.29,21.77,19.35,16.69,13.15,19.31,14.32,20.46,23.12,16.4,,1906.416667,23.85,1906-06-30,,,,,,,
1967,12.57,14.57,17.17,20.44,22.61,23.57,23.58,23.07,22.07,18.96,15.7,14.65,19.08,13.57,20.07,23.07,16.43,,1906.5,23.92,1906-07-31,,,,,,,
1968,12.37,13.27,17.43,20.22,22.41,23.44,23.41,23.02,21.89,19.07,15.87,13.6,18.83,12.82,20.02,22.94,16.18,,1906.583333,23.35,1906-08-31,,,,,,,
1969,12.36,14.44,18.49,21,22.78,23.97,23.64,23.19,21.88,19.63,16.82,13.61,19.32,13.4,20.76,23.17,16.69,,1906.666667,22.54,1906-09-30,,,,,,,
1970,13.26,14.59,17.67,21.35,23.29,23.46,23.41,23.25,22.32,19.8,15.18,12.29,19.16,13.92,20.77,23.11,15.76,,1906.75,19.96,1906-10-31,,,,,,,
1971,12.33,14.04,17.07,20.93,22.48,23.44,23.13,22.72,21.59,19.26,15.24,13.02,18.77,13.18,20.16,22.72,15.84,,1906.833333,16.3,1906-11-30,,,,,,,
1972,12.41,12.99,17.46,20.18,22.66,23.67,23.32,22.99,21.64,19.08,16.23,14.27,18.91,12.7,20.1,22.91,16.53,,1906.916667,14.39,1906-12-31,,,,,,,
1973,12.96,15.29,17.42,21.79,23.41,24.2,23.75,23.08,22.33,19.45,15.53,13.3,19.38,14.12,20.88,23.34,16.09,,1907,14.07,1907-01-31,,,,,,,
1974,12.06,13.47,17.9,21.35,22.47,23.11,23.1,22.89,21.57,19.35,15.12,12.72,18.76,12.77,20.57,22.67,15.73,,1907.083333,14.85,1907-02-28,,,,,,,
1975,12.27,14.25,16.89,20.55,22.65,22.97,22.65,22.76,21.65,19.59,14.8,12.35,18.62,13.26,20.03,22.51,15.58,,1907.166667,17.05,1907-03-31,,,,,,,
1976,12.44,13.91,17.02,20.13,22.35,23,23.27,22.65,21.73,19.51,17.12,13.64,18.9,13.18,19.83,22.66,16.76,,1907.25,22.17,1907-04-30,,,,,,,
1977,12.64,14.38,18.07,21.06,22.14,23.39,23.59,23.27,22.1,19.66,17.58,13.8,19.31,13.51,20.42,23.09,17.01,,1907.333333,22.39,1907-05-31,,,,,,,
1978,12.61,14.39,16.95,20.78,23.5,23.85,23.46,23.2,21.86,19.45,17.07,13.84,19.25,13.5,20.41,23.09,16.79,,1907.416667,23.4,1907-06-30,,,,,,,
1979,13.34,14.54,16.92,21.29,22.68,23.99,23.88,23.38,21.84,19.98,17.97,14.73,19.55,13.94,20.3,23.27,17.56,,1907.5,23.51,1907-07-31,,,,,,,
1980,13.27,14.87,17.7,21.76,23.45,23.83,23.71,23.18,22.16,19.76,16.56,14.15,19.53,14.07,20.97,23.22,16.82,,1907.583333,23.19,1907-08-31,,,,,,,
1981,13.06,14.81,17.78,21.08,23.17,23.64,23.74,23.17,22.01,19.48,15.86,13.18,19.25,13.94,20.67,23.14,16.17,,1907.666667,21.84,1907-09-30,,,,,,,
1982,13.29,14.25,17.01,20.67,22.49,23.59,23.64,23.35,21.81,19.63,16.8,13.99,19.21,13.77,20.06,23.1,16.81,,1907.75,19.55,1907-10-31,,,,,,,
1983,12.88,14.27,17.15,20.3,22.86,23.87,23.64,23.62,22.52,19.57,15.44,13.6,19.14,13.57,20.1,23.41,16.2,,1907.833333,16.37,1907-11-30,,,,,,,
1984,12.97,14.27,18.01,21.14,23.55,24,23.25,23.6,21.63,19.21,15.76,13.57,19.25,13.62,20.9,23.12,16.18,,1907.916667,12.5,1907-12-31,,,,,,,
1985,13.51,14.35,18.44,21.32,23.06,23.36,23.37,23.18,22,19.11,15.69,14.2,19.3,13.93,20.94,22.98,16.33,,1908,13.14,1908-01-31,,,,,,,
1986,12.85,14.38,17.73,20.91,22.3,23.4,23.48,22.89,21.9,19.12,16.14,14.01,19.09,13.61,20.31,22.92,16.43,,1908.083333,14.21,1908-02-29,,,,,,,
1987,13.06,14.55,17.79,20.94,22.22,23.93,24.08,23.43,22.68,19.77,16.33,14.32,19.42,13.81,20.32,23.53,16.8,,1908.166667,17.04,1908-03-31,,,,,,,
1988,13.05,15.1,17.87,20.98,23.32,23.61,23.42,23.19,22.45,19.44,15.53,14.04,19.33,14.07,20.72,23.17,16.33,,1908.25,21.69,1908-04-30,,,,,,,
1989,12.16,13.88,17.25,20.31,22.99,23.13,23.23,23.11,22.27,19.48,15.97,13.77,18.96,13.02,20.18,22.93,16.41,,1908.333333,23.1,1908-05-31,,,,,,,
1990,12.85,14.97,17.34,20.64,22.72,23.6,23.37,23.37,22.4,19.41,16.43,14.38,19.29,13.91,20.23,23.19,16.74,,1908.416667,23.87,1908-06-30,,,,,,,
1991,12.7,14.75,17.98,20.69,23.23,23.71,23.76,23.24,22.42,19.12,15.89,14.01,19.29,13.73,20.63,23.29,16.34,,1908.5,23.71,1908-07-31,,,,,,,
1992,12.91,14.23,17.2,20.57,22.45,23.71,23.56,23.28,22.03,19.65,16.5,13.72,19.15,13.57,20.07,23.15,16.62,,1908.583333,23.29,1908-08-31,,,,,,,
1993,12.94,14.88,17.16,20.68,23.4,23.86,23.58,23.37,22.17,19.61,16.78,13.68,19.34,13.91,20.41,23.25,16.69,,1908.666667,21.91,1908-09-30,,,,,,,
1994,13.99,14.9,18.35,20.5,23.43,24.08,23.83,23.5,21.87,19.27,16.4,13.61,19.48,14.45,20.76,23.32,16.43,,1908.75,19.17,1908-10-31,,,,,,,
1995,13.93,16.05,18.59,21.59,24.23,25.28,24.24,23.93,23.11,21.05,17.47,15.09,20.39,14.99,21.47,24.16,17.84,,1908.833333,15.24,1908-11-30,,,,,,,
1996,14.45,16.06,19.44,20.96,23.06,23.76,23.68,23.26,22.46,19.6,16.02,13.09,19.55,15.28,20.93,23.29,16.24,,1908.916667,12.59,1908-12-31,,,,,,,
1997,12.43,13.82,17.85,20.08,22.43,23.65,24.16,23.5,22.49,19.62,17.27,14.89,19.21,13.13,20.14,23.45,17.21,,1909,12.91,1909-01-31,,,,,,,
1998,13.76,15.23,17.43,21.45,23.9,24.23,24.02,23.75,22.67,20.54,16.87,13.29,19.84,14.49,20.97,23.67,17.03,,1909.083333,13.75,1909-02-28,,,,,,,
1999,13.08,15.79,18.05,21.53,22.95,23.32,23.73,23.23,22.64,19.82,16.7,13.42,19.53,14.43,20.85,23.24,16.65,,1909.166667,17.59,1909-03-31,,,,,,,
2000,13.3,14.38,17.18,21.39,23.68,23.78,23.71,23.26,22.16,20,17.1,13.49,19.48,13.84,20.77,23.25,16.88,,1909.25,20.75,1909-04-30,,,,,,,
2001,12.63,14.57,17.91,21.25,23.96,23.92,23.94,23.94,22.15,20.22,16.77,13.87,19.49,13.6,21.04,23.36,16.95,,1909.333333,22.88,1909-05-31,,,,,,,
2002,12.99,14.86,18.29,21.81,24.05,24.09,24.18,23.5,21.82,19.86,17.49,13.88,19.78,13.93,21.38,23.41,16.79,,1909.416667,23.62,1909-06-30,,,,,,,
2003,12.94,15.7,18.12,21.68,23.18,24.25,23.77,23.57,22.62,19.57,16.49,14.21,19.7,14.32,21,23.56,16.76,,1909.5,23.33,1909-07-31,,,,,,,
2004,13.77,15,19.02,21.79,23.09,23.65,23.54,23.48,22.42,19.52,16.66,14.33,19.69,14.39,21.3,23.27,16.84,,1909.583333,23.07,1909-08-31,,,,,,,
2005,13.97,15.28,18.79,20.86,22.88,24.11,23.75,23.4,22.59,19.91,15.94,13.43,19.58,14.63,20.85,23.46,16.43,,1909.666667,21.86,1909-09-30,,,,,,,
2006,14.37,16.7,18.26,21.05,23.56,23.63,24.27,23.57,22.27,20.38,17.58,14.71,20.07,15.47,20.96,23.44,17.56,,1909.75,19.49,1909-10-31,,,,,,,
2007,13.26,15.67,17.71,21.82,23.65,23.99,24.03,23.7,22.62,19.34,16.39,14.11,19.69,14.47,21.06,23.59,16.62,,1909.833333,16.32,1909-11-30,,,,,,,
2008,13.02,14.17,18.53,20.94,22.98,24.04,23.85,23.31,22.01,20.13,16.87,15.3,19.6,13.6,20.82,23.3,17.43,,1909.916667,14.03,1909-12-31,,,,,,,
2009,14.35,15.56,18.54,21.58,23.34,23.79,23.97,23.91,22.67,19.66,17.03,14.92,19.94,14.95,21.15,23.59,17.2,,1910,13.04,1910-01-31,,,,,,,
2010,13.59,15.44,19.61,22.68,23.98,23.96,23.86,23.91,22.55,20.68,17.96,13.57,20.15,14.51,22.09,23.57,17.42,,1910.083333,14.31,1910-02-28,,,,,,,
2011,12.59,15.12,18.05,20.5,23.5,24.21,23.83,23.55,22.58,20.15,17.24,14.1,19.58,13.84,20.68,23.56,17.16,,1910.166667,17.32,1910-03-31,,,,,,,
2012,12.91,14.45,17.79,21.3,23.15,24.22,24.12,23.69,22.67,19.56,16.41,14.53,19.54,13.68,20.78,23.68,16.8,,1910.25,20.49,1910-04-30,,,,,,,
2013,13.22,15.54,18.45,21.29,23.68,24.08,23.94,23.7,22.7,21.69,16.52,14.01,19.83,14.38,21.14,23.61,16.82,,1910.333333,23.22,1910-05-31,,,,,,,
2014,13.79,14.72,17.73,21.07,23.16,24.68,24.37,23.58,22.57,20.51,17.07,14.02,19.77,14.26,20.66,23.8,17.2,,1910.416667,23.61,1910-06-30,,,,,,,
2015,13.51,15.55,17.99,21.18,23.54,23.82,24.28,23.82,22.52,20.68,17.81,14.75,19.96,14.53,20.91,23.62,17.75,,1910.5,23.47,1910-07-31,,,,,,,
2016,14.91,17.44,20.59,23.75,25.1,25.36,24.72,24.56,23.78,21.65,17.68,15.78,21.28,16.17,23.15,24.61,18.37,,1910.583333,23.36,1910-08-31,,,,,,,
2017,14.72,16.71,19.55,23.4,25.09,25.07,24.74,24.52,24.01,22.19,18.25,15.76,21.17,15.72,22.68,24.58,18.73,,1910.666667,22.16,1910-09-30,,,,,,,
,,,,,,,,,,,,,,,,,,,1910.75,19.17,1910-10-31,,,,,,,
,,,,,,,,,,,,,,,,,,,1910.833333,15.13,1910-11-30,,,,,,,
,,,,,,,,,,,,,,,,,,,1910.916667,12.76,1910-12-31,,,,,,,
,,,,,,,,,,,,,,,,,,,1911,13.81,1911-01-31,,,,,,,
,,,,,,,,,,,,,,,,,,,1911.083333,13.8,1911-02-28,,,,,,,
,,,,,,,,,,,,,,,,,,,1911.166667,17.09,1911-03-31,,,,,,,
,,,,,,,,,,,,,,,,,,,1911.25,20.71,1911-04-30,,,,,,,
,,,,,,,,,,,,,,,,,,,1911.333333,23.34,1911-05-31,,,,,,,
,,,,,,,,,,,,,,,,,,,1911.416667,23.86,1911-06-30,,,,,,,
,,,,,,,,,,,,,,,,,,,1911.5,23.49,1911-07-31,,,,,,,
,,,,,,,,,,,,,,,,,,,1911.583333,23.33,1911-08-31,,,,,,,
,,,,,,,,,,,,,,,,,,,1911.666667,22.34,1911-09-30,,,,,,,
,,,,,,,,,,,,,,,,,,,1911.75,19.73,1911-10-31,,,,,,,
,,,,,,,,,,,,,,,,,,,1911.833333,16.42,1911-11-30,,,,,,,
,,,,,,,,,,,,,,,,,,,1911.916667,13.82,1911-12-31,,,,,,,
,,,,,,,,,,,,,,,,,,,1912,13.5,1912-01-31,,,,,,,
,,,,,,,,,,,,,,,,,,,1912.083333,15.62,1912-02-29,,,,,,,
,,,,,,,,,,,,,,,,,,,1912.166667,17.19,1912-03-31,,,,,,,
,,,,,,,,,,,,,,,,,,,1912.25,21.13,1912-04-30,,,,,,,
,,,,,,,,,,,,,,,,,,,1912.333333,23.3,1912-05-31,,,,,,,
,,,,,,,,,,,,,,,,,,,1912.416667,23.89,1912-06-30,,,,,,,
,,,,,,,,,,,,,,,,,,,1912.5,23.94,1912-07-31,,,,,,,
,,,,,,,,,,,,,,,,,,,1912.583333,23.19,1912-08-31,,,,,,,
,,,,,,,,,,,,,,,,,,,1912.666667,21.45,1912-09-30,,,,,,,
,,,,,,,,,,,,,,,,,,,1912.75,19.24,1912-10-31,,,,,,,
,,,,,,,,,,,,,,,,,,,1912.833333,15.65,1912-11-30,,,,,,,
,,,,,,,,,,,,,,,,,,,1912.916667,13.17,1912-12-31,,,,,,,
,,,,,,,,,,,,,,,,,,,1913,12.69,1913-01-31,,,,,,,
,,,,,,,,,,,,,,,,,,,1913.083333,15.13,1913-02-28,,,,,,,
,,,,,,,,,,,,,,,,,,,1913.166667,16.67,1913-03-31,,,,,,,
,,,,,,,,,,,,,,,,,,,1913.25,21.2,1913-04-30,,,,,,,
,,,,,,,,,,,,,,,,,,,1913.333333,22.83,1913-05-31,,,,,,,
,,,,,,,,,,,,,,,,,,,1913.416667,23.58,1913-06-30,,,,,,,
,,,,,,,,,,,,,,,,,,,1913.5,23.35,1913-07-31,,,,,,,
,,,,,,,,,,,,,,,,,,,1913.583333,23.13,1913-08-31,,,,,,,
,,,,,,,,,,,,,,,,,,,1913.666667,21.74,1913-09-30,,,,,,,
,,,,,,,,,,,,,,,,,,,1913.75,19.31,1913-10-31,,,,,,,
,,,,,,,,,,,,,,,,,,,1913.833333,15.58,1913-11-30,,,,,,,
,,,,,,,,,,,,,,,,,,,1913.916667,13.84,1913-12-31,,,,,,,
,,,,,,,,,,,,,,,,,,,1914,13.5,1914-01-31,,,,,,,
,,,,,,,,,,,,,,,,,,,1914.083333,14.57,1914-02-28,,,,,,,
,,,,,,,,,,,,,,,,,,,1914.166667,17.26,1914-03-31,,,,,,,
,,,,,,,,,,,,,,,,,,,1914.25,20.48,1914-04-30,,,,,,,
,,,,,,,,,,,,,,,,,,,1914.333333,23.26,1914-05-31,,,,,,,
,,,,,,,,,,,,,,,,,,,1914.416667,24.25,1914-06-30,,,,,,,
,,,,,,,,,,,,,,,,,,,1914.5,24.04,1914-07-31,,,,,,,
,,,,,,,,,,,,,,,,,,,1914.583333,23.02,1914-08-31,,,,,,,
,,,,,,,,,,,,,,,,,,,1914.666667,22.57,1914-09-30,,,,,,,
,,,,,,,,,,,,,,,,,,,1914.75,19.34,1914-10-31,,,,,,,
,,,,,,,,,,,,,,,,,,,1914.833333,17,1914-11-30,,,,,,,
,,,,,,,,,,,,,,,,,,,1914.916667,13.65,1914-12-31,,,,,,,
,,,,,,,,,,,,,,,,,,,1915,13.27,1915-01-31,,,,,,,
,,,,,,,,,,,,,,,,,,,1915.083333,14.19,1915-02-28,,,,,,,
,,,,,,,,,,,,,,,,,,,1915.166667,17.76,1915-03-31,,,,,,,
,,,,,,,,,,,,,,,,,,,1915.25,21.08,1915-04-30,,,,,,,
,,,,,,,,,,,,,,,,,,,1915.333333,24.15,1915-05-31,,,,,,,
,,,,,,,,,,,,,,,,,,,1915.416667,24.15,1915-06-30,,,,,,,
,,,,,,,,,,,,,,,,,,,1915.5,24.03,1915-07-31,,,,,,,
,,,,,,,,,,,,,,,,,,,1915.583333,23.85,1915-08-31,,,,,,,
,,,,,,,,,,,,,,,,,,,1915.666667,22.87,1915-09-30,,,,,,,
,,,,,,,,,,,,,,,,,,,1915.75,20.79,1915-10-31,,,,,,,
,,,,,,,,,,,,,,,,,,,1915.833333,16.75,1915-11-30,,,,,,,
,,,,,,,,,,,,,,,,,,,1915.916667,12.83,1915-12-31,,,,,,,
,,,,,,,,,,,,,,,,,,,1916,12.92,1916-01-31,,,,,,,
,,,,,,,,,,,,,,,,,,,1916.083333,14.36,1916-02-29,,,,,,,
,,,,,,,,,,,,,,,,,,,1916.166667,18.28,1916-03-31,,,,,,,
,,,,,,,,,,,,,,,,,,,1916.25,21.69,1916-04-30,,,,,,,
,,,,,,,,,,,,,,,,,,,1916.333333,22.9,1916-05-31,,,,,,,
,,,,,,,,,,,,,,,,,,,1916.416667,23.84,1916-06-30,,,,,,,
,,,,,,,,,,,,,,,,,,,1916.5,23.55,1916-07-31,,,,,,,
,,,,,,,,,,,,,,,,,,,1916.583333,23.57,1916-08-31,,,,,,,
,,,,,,,,,,,,,,,,,,,1916.666667,22.28,1916-09-30,,,,,,,
,,,,,,,,,,,,,,,,,,,1916.75,20.25,1916-10-31,,,,,,,
,,,,,,,,,,,,,,,,,,,1916.833333,15.92,1916-11-30,,,,,,,
,,,,,,,,,,,,,,,,,,,1916.916667,12.52,1916-12-31,,,,,,,
,,,,,,,,,,,,,,,,,,,1917,12.65,1917-01-31,,,,,,,
,,,,,,,,,,,,,,,,,,,1917.083333,14.55,1917-02-28,,,,,,,
,,,,,,,,,,,,,,,,,,,1917.166667,17.06,1917-03-31,,,,,,,
,,,,,,,,,,,,,,,,,,,1917.25,19.96,1917-04-30,,,,,,,
,,,,,,,,,,,,,,,,,,,1917.333333,22.13,1917-05-31,,,,,,,
,,,,,,,,,,,,,,,,,,,1917.416667,23.45,1917-06-30,,,,,,,
,,,,,,,,,,,,,,,,,,,1917.5,23.74,1917-07-31,,,,,,,
,,,,,,,,,,,,,,,,,,,1917.583333,23.43,1917-08-31,,,,,,,
,,,,,,,,,,,,,,,,,,,1917.666667,22.53,1917-09-30,,,,,,,
,,,,,,,,,,,,,,,,,,,1917.75,19.75,1917-10-31,,,,,,,
,,,,,,,,,,,,,,,,,,,1917.833333,15.66,1917-11-30,,,,,,,
,,,,,,,,,,,,,,,,,,,1917.916667,13.35,1917-12-31,,,,,,,
,,,,,,,,,,,,,,,,,,,1918,12.48,1918-01-31,,,,,,,
,,,,,,,,,,,,,,,,,,,1918.083333,14.01,1918-02-28,,,,,,,
,,,,,,,,,,,,,,,,,,,1918.166667,17.44,1918-03-31,,,,,,,
,,,,,,,,,,,,,,,,,,,1918.25,19.86,1918-04-30,,,,,,,
,,,,,,,,,,,,,,,,,,,1918.333333,23.19,1918-05-31,,,,,,,
,,,,,,,,,,,,,,,,,,,1918.416667,23.37,1918-06-30,,,,,,,
,,,,,,,,,,,,,,,,,,,1918.5,23.72,1918-07-31,,,,,,,
,,,,,,,,,,,,,,,,,,,1918.583333,23.36,1918-08-31,,,,,,,
,,,,,,,,,,,,,,,,,,,1918.666667,21.75,1918-09-30,,,,,,,
,,,,,,,,,,,,,,,,,,,1918.75,19.07,1918-10-31,,,,,,,
,,,,,,,,,,,,,,,,,,,1918.833333,16.47,1918-11-30,,,,,,,
,,,,,,,,,,,,,,,,,,,1918.916667,13.44,1918-12-31,,,,,,,
,,,,,,,,,,,,,,,,,,,1919,14.24,1919-01-31,,,,,,,
,,,,,,,,,,,,,,,,,,,1919.083333,14.2,1919-02-28,,,,,,,
,,,,,,,,,,,,,,,,,,,1919.166667,17.73,1919-03-31,,,,,,,
,,,,,,,,,,,,,,,,,,,1919.25,20.83,1919-04-30,,,,,,,
,,,,,,,,,,,,,,,,,,,1919.333333,23.03,1919-05-31,,,,,,,
,,,,,,,,,,,,,,,,,,,1919.416667,24.1,1919-06-30,,,,,,,
,,,,,,,,,,,,,,,,,,,1919.5,23.77,1919-07-31,,,,,,,
,,,,,,,,,,,,,,,,,,,1919.583333,23.59,1919-08-31,,,,,,,
,,,,,,,,,,,,,,,,,,,1919.666667,21.88,1919-09-30,,,,,,,
,,,,,,,,,,,,,,,,,,,1919.75,19.3,1919-10-31,,,,,,,
,,,,,,,,,,,,,,,,,,,1919.833333,16.12,1919-11-30,,,,,,,
,,,,,,,,,,,,,,,,,,,1919.916667,13.66,1919-12-31,,,,,,,
,,,,,,,,,,,,,,,,,,,1920,13.66,1920-01-31,,,,,,,
,,,,,,,,,,,,,,,,,,,1920.083333,13.93,1920-02-29,,,,,,,
,,,,,,,,,,,,,,,,,,,1920.166667,17.94,1920-03-31,,,,,,,
,,,,,,,,,,,,,,,,,,,1920.25,20.57,1920-04-30,,,,,,,
,,,,,,,,,,,,,,,,,,,1920.333333,21.95,1920-05-31,,,,,,,
,,,,,,,,,,,,,,,,,,,1920.416667,23.35,1920-06-30,,,,,,,
,,,,,,,,,,,,,,,,,,,1920.5,23.91,1920-07-31,,,,,,,
,,,,,,,,,,,,,,,,,,,1920.583333,22.77,1920-08-31,,,,,,,
,,,,,,,,,,,,,,,,,,,1920.666667,22.03,1920-09-30,,,,,,,
,,,,,,,,,,,,,,,,,,,1920.75,19.67,1920-10-31,,,,,,,
,,,,,,,,,,,,,,,,,,,1920.833333,16.22,1920-11-30,,,,,,,
,,,,,,,,,,,,,,,,,,,1920.916667,12.74,1920-12-31,,,,,,,
,,,,,,,,,,,,,,,,,,,1921,13.62,1921-01-31,,,,,,,
,,,,,,,,,,,,,,,,,,,1921.083333,16.34,1921-02-28,,,,,,,
,,,,,,,,,,,,,,,,,,,1921.166667,18.48,1921-03-31,,,,,,,
,,,,,,,,,,,,,,,,,,,1921.25,21.74,1921-04-30,,,,,,,
,,,,,,,,,,,,,,,,,,,1921.333333,25.74,1921-05-31,,,,,,,
,,,,,,,,,,,,,,,,,,,1921.416667,23.67,1921-06-30,,,,,,,
,,,,,,,,,,,,,,,,,,,1921.5,23.64,1921-07-31,,,,,,,
,,,,,,,,,,,,,,,,,,,1921.583333,23.36,1921-08-31,,,,,,,
,,,,,,,,,,,,,,,,,,,1921.666667,22.06,1921-09-30,,,,,,,
,,,,,,,,,,,,,,,,,,,1921.75,19.12,1921-10-31,,,,,,,
,,,,,,,,,,,,,,,,,,,1921.833333,15.6,1921-11-30,,,,,,,
,,,,,,,,,,,,,,,,,,,1921.916667,14.3,1921-12-31,,,,,,,
,,,,,,,,,,,,,,,,,,,1922,13.65,1922-01-31,,,,,,,
,,,,,,,,,,,,,,,,,,,1922.083333,14.95,1922-02-28,,,,,,,
,,,,,,,,,,,,,,,,,,,1922.166667,17.93,1922-03-31,,,,,,,
,,,,,,,,,,,,,,,,,,,1922.25,21.25,1922-04-30,,,,,,,
,,,,,,,,,,,,,,,,,,,1922.333333,24.92,1922-05-31,,,,,,,
,,,,,,,,,,,,,,,,,,,1922.416667,23.65,1922-06-30,,,,,,,
,,,,,,,,,,,,,,,,,,,1922.5,23.67,1922-07-31,,,,,,,
,,,,,,,,,,,,,,,,,,,1922.583333,23.36,1922-08-31,,,,,,,
,,,,,,,,,,,,,,,,,,,1922.666667,22.39,1922-09-30,,,,,,,
,,,,,,,,,,,,,,,,,,,1922.75,19.07,1922-10-31,,,,,,,
,,,,,,,,,,,,,,,,,,,1922.833333,15.85,1922-11-30,,,,,,,
,,,,,,,,,,,,,,,,,,,1922.916667,13.17,1922-12-31,,,,,,,
,,,,,,,,,,,,,,,,,,,1923,13.2,1923-01-31,,,,,,,
,,,,,,,,,,,,,,,,,,,1923.083333,14.52,1923-02-28,,,,,,,
,,,,,,,,,,,,,,,,,,,1923.166667,17.82,1923-03-31,,,,,,,
,,,,,,,,,,,,,,,,,,,1923.25,21.24,1923-04-30,,,,,,,
,,,,,,,,,,,,,,,,,,,1923.333333,23.42,1923-05-31,,,,,,,
,,,,,,,,,,,,,,,,,,,1923.416667,24.38,1923-06-30,,,,,,,
,,,,,,,,,,,,,,,,,,,1923.5,23.38,1923-07-31,,,,,,,
,,,,,,,,,,,,,,,,,,,1923.583333,23.48,1923-08-31,,,,,,,
,,,,,,,,,,,,,,,,,,,1923.666667,21.74,1923-09-30,,,,,,,
,,,,,,,,,,,,,,,,,,,1923.75,19.21,1923-10-31,,,,,,,
,,,,,,,,,,,,,,,,,,,1923.833333,15.79,1923-11-30,,,,,,,
,,,,,,,,,,,,,,,,,,,1923.916667,14.11,1923-12-31,,,,,,,
,,,,,,,,,,,,,,,,,,,1924,13.32,1924-01-31,,,,,,,
,,,,,,,,,,,,,,,,,,,1924.083333,14.9,1924-02-29,,,,,,,
,,,,,,,,,,,,,,,,,,,1924.166667,18.35,1924-03-31,,,,,,,
,,,,,,,,,,,,,,,,,,,1924.25,21.66,1924-04-30,,,,,,,
,,,,,,,,,,,,,,,,,,,1924.333333,22.58,1924-05-31,,,,,,,
,,,,,,,,,,,,,,,,,,,1924.416667,23.94,1924-06-30,,,,,,,
,,,,,,,,,,,,,,,,,,,1924.5,24.05,1924-07-31,,,,,,,
,,,,,,,,,,,,,,,,,,,1924.583333,23.58,1924-08-31,,,,,,,
,,,,,,,,,,,,,,,,,,,1924.666667,22.13,1924-09-30,,,,,,,
,,,,,,,,,,,,,,,,,,,1924.75,19.58,1924-10-31,,,,,,,
,,,,,,,,,,,,,,,,,,,1924.833333,15.92,1924-11-30,,,,,,,
,,,,,,,,,,,,,,,,,,,1924.916667,14.13,1924-12-31,,,,,,,
,,,,,,,,,,,,,,,,,,,1925,12.51,1925-01-31,,,,,,,
,,,,,,,,,,,,,,,,,,,1925.083333,13.59,1925-02-28,,,,,,,
,,,,,,,,,,,,,,,,,,,1925.166667,17.68,1925-03-31,,,,,,,
,,,,,,,,,,,,,,,,,,,1925.25,21.95,1925-04-30,,,,,,,
,,,,,,,,,,,,,,,,,,,1925.333333,23.08,1925-05-31,,,,,,,
,,,,,,,,,,,,,,,,,,,1925.416667,23.62,1925-06-30,,,,,,,
,,,,,,,,,,,,,,,,,,,1925.5,23.72,1925-07-31,,,,,,,
,,,,,,,,,,,,,,,,,,,1925.583333,23.21,1925-08-31,,,,,,,
,,,,,,,,,,,,,,,,,,,1925.666667,22.17,1925-09-30,,,,,,,
,,,,,,,,,,,,,,,,,,,1925.75,19.79,1925-10-31,,,,,,,
,,,,,,,,,,,,,,,,,,,1925.833333,16.38,1925-11-30,,,,,,,
,,,,,,,,,,,,,,,,,,,1925.916667,13.13,1925-12-31,,,,,,,
,,,,,,,,,,,,,,,,,,,1926,13.77,1926-01-31,,,,,,,
,,,,,,,,,,,,,,,,,,,1926.083333,15.49,1926-02-28,,,,,,,
,,,,,,,,,,,,,,,,,,,1926.166667,17.94,1926-03-31,,,,,,,
,,,,,,,,,,,,,,,,,,,1926.25,20.16,1926-04-30,,,,,,,
,,,,,,,,,,,,,,,,,,,1926.333333,22.98,1926-05-31,,,,,,,
,,,,,,,,,,,,,,,,,,,1926.416667,24.38,1926-06-30,,,,,,,
,,,,,,,,,,,,,,,,,,,1926.5,24.09,1926-07-31,,,,,,,
,,,,,,,,,,,,,,,,,,,1926.583333,23.89,1926-08-31,,,,,,,
,,,,,,,,,,,,,,,,,,,1926.666667,22.39,1926-09-30,,,,,,,
,,,,,,,,,,,,,,,,,,,1926.75,19.46,1926-10-31,,,,,,,
,,,,,,,,,,,,,,,,,,,1926.833333,14.88,1926-11-30,,,,,,,
,,,,,,,,,,,,,,,,,,,1926.916667,13.46,1926-12-31,,,,,,,
,,,,,,,,,,,,,,,,,,,1927,13.1,1927-01-31,,,,,,,
,,,,,,,,,,,,,,,,,,,1927.083333,14.51,1927-02-28,,,,,,,
,,,,,,,,,,,,,,,,,,,1927.166667,17.33,1927-03-31,,,,,,,
,,,,,,,,,,,,,,,,,,,1927.25,20.74,1927-04-30,,,,,,,
,,,,,,,,,,,,,,,,,,,1927.333333,22.82,1927-05-31,,,,,,,
,,,,,,,,,,,,,,,,,,,1927.416667,23.53,1927-06-30,,,,,,,
,,,,,,,,,,,,,,,,,,,1927.5,23.79,1927-07-31,,,,,,,
,,,,,,,,,,,,,,,,,,,1927.583333,23.43,1927-08-31,,,,,,,
,,,,,,,,,,,,,,,,,,,1927.666667,21.96,1927-09-30,,,,,,,
,,,,,,,,,,,,,,,,,,,1927.75,19.85,1927-10-31,,,,,,,
,,,,,,,,,,,,,,,,,,,1927.833333,16.05,1927-11-30,,,,,,,
,,,,,,,,,,,,,,,,,,,1927.916667,14.5,1927-12-31,,,,,,,
,,,,,,,,,,,,,,,,,,,1928,13.99,1928-01-31,,,,,,,
,,,,,,,,,,,,,,,,,,,1928.083333,15.16,1928-02-29,,,,,,,
,,,,,,,,,,,,,,,,,,,1928.166667,17.74,1928-03-31,,,,,,,
,,,,,,,,,,,,,,,,,,,1928.25,21.17,1928-04-30,,,,,,,
,,,,,,,,,,,,,,,,,,,1928.333333,23.68,1928-05-31,,,,,,,
,,,,,,,,,,,,,,,,,,,1928.416667,23.72,1928-06-30,,,,,,,
,,,,,,,,,,,,,,,,,,,1928.5,23.69,1928-07-31,,,,,,,
,,,,,,,,,,,,,,,,,,,1928.583333,23.29,1928-08-31,,,,,,,
,,,,,,,,,,,,,,,,,,,1928.666667,22.22,1928-09-30,,,,,,,
,,,,,,,,,,,,,,,,,,,1928.75,20.05,1928-10-31,,,,,,,
,,,,,,,,,,,,,,,,,,,1928.833333,16.63,1928-11-30,,,,,,,
,,,,,,,,,,,,,,,,,,,1928.916667,14,1928-12-31,,,,,,,
,,,,,,,,,,,,,,,,,,,1929,13.44,1929-01-31,,,,,,,
,,,,,,,,,,,,,,,,,,,1929.083333,13.99,1929-02-28,,,,,,,
,,,,,,,,,,,,,,,,,,,1929.166667,18.23,1929-03-31,,,,,,,
,,,,,,,,,,,,,,,,,,,1929.25,21.28,1929-04-30,,,,,,,
,,,,,,,,,,,,,,,,,,,1929.333333,23.48,1929-05-31,,,,,,,
,,,,,,,,,,,,,,,,,,,1929.416667,23.62,1929-06-30,,,,,,,
,,,,,,,,,,,,,,,,,,,1929.5,23.73,1929-07-31,,,,,,,
,,,,,,,,,,,,,,,,,,,1929.583333,23.22,1929-08-31,,,,,,,
,,,,,,,,,,,,,,,,,,,1929.666667,22.09,1929-09-30,,,,,,,
,,,,,,,,,,,,,,,,,,,1929.75,19.64,1929-10-31,,,,,,,
,,,,,,,,,,,,,,,,,,,1929.833333,16.22,1929-11-30,,,,,,,
,,,,,,,,,,,,,,,,,,,1929.916667,13.79,1929-12-31,,,,,,,
,,,,,,,,,,,,,,,,,,,1930,12.9,1930-01-31,,,,,,,
,,,,,,,,,,,,,,,,,,,1930.083333,13.64,1930-02-28,,,,,,,
,,,,,,,,,,,,,,,,,,,1930.166667,17.93,1930-03-31,,,,,,,
,,,,,,,,,,,,,,,,,,,1930.25,20.93,1930-04-30,,,,,,,
,,,,,,,,,,,,,,,,,,,1930.333333,23.19,1930-05-31,,,,,,,
,,,,,,,,,,,,,,,,,,,1930.416667,23.47,1930-06-30,,,,,,,
,,,,,,,,,,,,,,,,,,,1930.5,23.8,1930-07-31,,,,,,,
,,,,,,,,,,,,,,,,,,,1930.583333,23.15,1930-08-31,,,,,,,
,,,,,,,,,,,,,,,,,,,1930.666667,21.99,1930-09-30,,,,,,,
,,,,,,,,,,,,,,,,,,,1930.75,19.98,1930-10-31,,,,,,,
,,,,,,,,,,,,,,,,,,,1930.833333,16.06,1930-11-30,,,,,,,
,,,,,,,,,,,,,,,,,,,1930.916667,13.49,1930-12-31,,,,,,,
,,,,,,,,,,,,,,,,,,,1931,14.12,1931-01-31,,,,,,,
,,,,,,,,,,,,,,,,,,,1931.083333,14.92,1931-02-28,,,,,,,
,,,,,,,,,,,,,,,,,,,1931.166667,17.6,1931-03-31,,,,,,,
,,,,,,,,,,,,,,,,,,,1931.25,21.87,1931-04-30,,,,,,,
,,,,,,,,,,,,,,,,,,,1931.333333,23.56,1931-05-31,,,,,,,
,,,,,,,,,,,,,,,,,,,1931.416667,24.01,1931-06-30,,,,,,,
,,,,,,,,,,,,,,,,,,,1931.5,23.47,1931-07-31,,,,,,,
,,,,,,,,,,,,,,,,,,,1931.583333,23.92,1931-08-31,,,,,,,
,,,,,,,,,,,,,,,,,,,1931.666667,22.37,1931-09-30,,,,,,,
,,,,,,,,,,,,,,,,,,,1931.75,20.44,1931-10-31,,,,,,,
,,,,,,,,,,,,,,,,,,,1931.833333,16.45,1931-11-30,,,,,,,
,,,,,,,,,,,,,,,,,,,1931.916667,14,1931-12-31,,,,,,,
,,,,,,,,,,,,,,,,,,,1932,13.32,1932-01-31,,,,,,,
,,,,,,,,,,,,,,,,,,,1932.083333,14.13,1932-02-29,,,,,,,
,,,,,,,,,,,,,,,,,,,1932.166667,17.98,1932-03-31,,,,,,,
,,,,,,,,,,,,,,,,,,,1932.25,21.08,1932-04-30,,,,,,,
,,,,,,,,,,,,,,,,,,,1932.333333,22.89,1932-05-31,,,,,,,
,,,,,,,,,,,,,,,,,,,1932.416667,24.12,1932-06-30,,,,,,,
,,,,,,,,,,,,,,,,,,,1932.5,23.94,1932-07-31,,,,,,,
,,,,,,,,,,,,,,,,,,,1932.583333,23.23,1932-08-31,,,,,,,
,,,,,,,,,,,,,,,,,,,1932.666667,22.17,1932-09-30,,,,,,,
,,,,,,,,,,,,,,,,,,,1932.75,19.7,1932-10-31,,,,,,,
,,,,,,,,,,,,,,,,,,,1932.833333,16.08,1932-11-30,,,,,,,
,,,,,,,,,,,,,,,,,,,1932.916667,13.2,1932-12-31,,,,,,,
,,,,,,,,,,,,,,,,,,,1933,12.84,1933-01-31,,,,,,,
,,,,,,,,,,,,,,,,,,,1933.083333,15.29,1933-02-28,,,,,,,
,,,,,,,,,,,,,,,,,,,1933.166667,17.74,1933-03-31,,,,,,,
,,,,,,,,,,,,,,,,,,,1933.25,20.5,1933-04-30,,,,,,,
,,,,,,,,,,,,,,,,,,,1933.333333,22.49,1933-05-31,,,,,,,
,,,,,,,,,,,,,,,,,,,1933.416667,23.79,1933-06-30,,,,,,,
,,,,,,,,,,,,,,,,,,,1933.5,24,1933-07-31,,,,,,,
,,,,,,,,,,,,,,,,,,,1933.583333,23.33,1933-08-31,,,,,,,
,,,,,,,,,,,,,,,,,,,1933.666667,22.24,1933-09-30,,,,,,,
,,,,,,,,,,,,,,,,,,,1933.75,19.72,1933-10-31,,,,,,,
,,,,,,,,,,,,,,,,,,,1933.833333,16.28,1933-11-30,,,,,,,
,,,,,,,,,,,,,,,,,,,1933.916667,13.88,1933-12-31,,,,,,,
,,,,,,,,,,,,,,,,,,,1934,12.84,1934-01-31,,,,,,,
,,,,,,,,,,,,,,,,,,,1934.083333,14.72,1934-02-28,,,,,,,
,,,,,,,,,,,,,,,,,,,1934.166667,17.34,1934-03-31,,,,,,,
,,,,,,,,,,,,,,,,,,,1934.25,21.2,1934-04-30,,,,,,,
,,,,,,,,,,,,,,,,,,,1934.333333,22.96,1934-05-31,,,,,,,
,,,,,,,,,,,,,,,,,,,1934.416667,23.76,1934-06-30,,,,,,,
,,,,,,,,,,,,,,,,,,,1934.5,23.8,1934-07-31,,,,,,,
,,,,,,,,,,,,,,,,,,,1934.583333,23.38,1934-08-31,,,,,,,
,,,,,,,,,,,,,,,,,,,1934.666667,22.34,1934-09-30,,,,,,,
,,,,,,,,,,,,,,,,,,,1934.75,19.1,1934-10-31,,,,,,,
,,,,,,,,,,,,,,,,,,,1934.833333,15.54,1934-11-30,,,,,,,
,,,,,,,,,,,,,,,,,,,1934.916667,13.84,1934-12-31,,,,,,,
,,,,,,,,,,,,,,,,,,,1935,12.81,1935-01-31,,,,,,,
,,,,,,,,,,,,,,,,,,,1935.083333,16.08,1935-02-28,,,,,,,
,,,,,,,,,,,,,,,,,,,1935.166667,17.69,1935-03-31,,,,,,,
,,,,,,,,,,,,,,,,,,,1935.25,20.05,1935-04-30,,,,,,,
,,,,,,,,,,,,,,,,,,,1935.333333,23.51,1935-05-31,,,,,,,
,,,,,,,,,,,,,,,,,,,1935.416667,23.82,1935-06-30,,,,,,,
,,,,,,,,,,,,,,,,,,,1935.5,23.72,1935-07-31,,,,,,,
,,,,,,,,,,,,,,,,,,,1935.583333,22.94,1935-08-31,,,,,,,
,,,,,,,,,,,,,,,,,,,1935.666667,21.79,1935-09-30,,,,,,,
,,,,,,,,,,,,,,,,,,,1935.75,19.29,1935-10-31,,,,,,,
,,,,,,,,,,,,,,,,,,,1935.833333,16.09,1935-11-30,,,,,,,
,,,,,,,,,,,,,,,,,,,1935.916667,13.86,1935-12-31,,,,,,,
,,,,,,,,,,,,,,,,,,,1936,13.04,1936-01-31,,,,,,,
,,,,,,,,,,,,,,,,,,,1936.083333,14.88,1936-02-29,,,,,,,
,,,,,,,,,,,,,,,,,,,1936.166667,17.61,1936-03-31,,,,,,,
,,,,,,,,,,,,,,,,,,,1936.25,21.01,1936-04-30,,,,,,,
,,,,,,,,,,,,,,,,,,,1936.333333,24.01,1936-05-31,,,,,,,
,,,,,,,,,,,,,,,,,,,1936.416667,23.35,1936-06-30,,,,,,,
,,,,,,,,,,,,,,,,,,,1936.5,23.68,1936-07-31,,,,,,,
,,,,,,,,,,,,,,,,,,,1936.583333,23.28,1936-08-31,,,,,,,
,,,,,,,,,,,,,,,,,,,1936.666667,22.43,1936-09-30,,,,,,,
,,,,,,,,,,,,,,,,,,,1936.75,19.6,1936-10-31,,,,,,,
,,,,,,,,,,,,,,,,,,,1936.833333,16.96,1936-11-30,,,,,,,
,,,,,,,,,,,,,,,,,,,1936.916667,14.53,1936-12-31,,,,,,,
,,,,,,,,,,,,,,,,,,,1937,12.7,1937-01-31,,,,,,,
,,,,,,,,,,,,,,,,,,,1937.083333,15.52,1937-02-28,,,,,,,
,,,,,,,,,,,,,,,,,,,1937.166667,17.15,1937-03-31,,,,,,,
,,,,,,,,,,,,,,,,,,,1937.25,20.68,1937-04-30,,,,,,,
,,,,,,,,,,,,,,,,,,,1937.333333,23.32,1937-05-31,,,,,,,
,,,,,,,,,,,,,,,,,,,1937.416667,24.2,1937-06-30,,,,,,,
,,,,,,,,,,,,,,,,,,,1937.5,23.63,1937-07-31,,,,,,,
,,,,,,,,,,,,,,,,,,,1937.583333,23.53,1937-08-31,,,,,,,
,,,,,,,,,,,,,,,,,,,1937.666667,22.23,1937-09-30,,,,,,,
,,,,,,,,,,,,,,,,,,,1937.75,19.14,1937-10-31,,,,,,,
,,,,,,,,,,,,,,,,,,,1937.833333,15.99,1937-11-30,,,,,,,
,,,,,,,,,,,,,,,,,,,1937.916667,12.92,1937-12-31,,,,,,,
,,,,,,,,,,,,,,,,,,,1938,13.35,1938-01-31,,,,,,,
,,,,,,,,,,,,,,,,,,,1938.083333,13.87,1938-02-28,,,,,,,
,,,,,,,,,,,,,,,,,,,1938.166667,18.33,1938-03-31,,,,,,,
,,,,,,,,,,,,,,,,,,,1938.25,21.49,1938-04-30,,,,,,,
,,,,,,,,,,,,,,,,,,,1938.333333,23.95,1938-05-31,,,,,,,
,,,,,,,,,,,,,,,,,,,1938.416667,23.54,1938-06-30,,,,,,,
,,,,,,,,,,,,,,,,,,,1938.5,23.64,1938-07-31,,,,,,,
,,,,,,,,,,,,,,,,,,,1938.583333,23.43,1938-08-31,,,,,,,
,,,,,,,,,,,,,,,,,,,1938.666667,21.95,1938-09-30,,,,,,,
,,,,,,,,,,,,,,,,,,,1938.75,19.48,1938-10-31,,,,,,,
,,,,,,,,,,,,,,,,,,,1938.833333,14.9,1938-11-30,,,,,,,
,,,,,,,,,,,,,,,,,,,1938.916667,13.47,1938-12-31,,,,,,,
,,,,,,,,,,,,,,,,,,,1939,13.2,1939-01-31,,,,,,,
,,,,,,,,,,,,,,,,,,,1939.083333,14.7,1939-02-28,,,,,,,
,,,,,,,,,,,,,,,,,,,1939.166667,16.62,1939-03-31,,,,,,,
,,,,,,,,,,,,,,,,,,,1939.25,20.3,1939-04-30,,,,,,,
,,,,,,,,,,,,,,,,,,,1939.333333,23.3,1939-05-31,,,,,,,
,,,,,,,,,,,,,,,,,,,1939.416667,23.72,1939-06-30,,,,,,,
,,,,,,,,,,,,,,,,,,,1939.5,23.71,1939-07-31,,,,,,,
,,,,,,,,,,,,,,,,,,,1939.583333,23.3,1939-08-31,,,,,,,
,,,,,,,,,,,,,,,,,,,1939.666667,22.22,1939-09-30,,,,,,,
,,,,,,,,,,,,,,,,,,,1939.75,19.97,1939-10-31,,,,,,,
,,,,,,,,,,,,,,,,,,,1939.833333,15.68,1939-11-30,,,,,,,
,,,,,,,,,,,,,,,,,,,1939.916667,13.21,1939-12-31,,,,,,,
,,,,,,,,,,,,,,,,,,,1940,12.49,1940-01-31,,,,,,,
,,,,,,,,,,,,,,,,,,,1940.083333,14.64,1940-02-29,,,,,,,
,,,,,,,,,,,,,,,,,,,1940.166667,17.09,1940-03-31,,,,,,,
,,,,,,,,,,,,,,,,,,,1940.25,20.37,1940-04-30,,,,,,,
,,,,,,,,,,,,,,,,,,,1940.333333,23.46,1940-05-31,,,,,,,
,,,,,,,,,,,,,,,,,,,1940.416667,24.09,1940-06-30,,,,,,,
,,,,,,,,,,,,,,,,,,,1940.5,23.92,1940-07-31,,,,,,,
,,,,,,,,,,,,,,,,,,,1940.583333,23.12,1940-08-31,,,,,,,
,,,,,,,,,,,,,,,,,,,1940.666667,21.87,1940-09-30,,,,,,,
,,,,,,,,,,,,,,,,,,,1940.75,19.51,1940-10-31,,,,,,,
,,,,,,,,,,,,,,,,,,,1940.833333,16.68,1940-11-30,,,,,,,
,,,,,,,,,,,,,,,,,,,1940.916667,13.67,1940-12-31,,,,,,,
,,,,,,,,,,,,,,,,,,,1941,13.49,1941-01-31,,,,,,,
,,,,,,,,,,,,,,,,,,,1941.083333,15.01,1941-02-28,,,,,,,
,,,,,,,,,,,,,,,,,,,1941.166667,18.49,1941-03-31,,,,,,,
,,,,,,,,,,,,,,,,,,,1941.25,22.16,1941-04-30,,,,,,,
,,,,,,,,,,,,,,,,,,,1941.333333,23.94,1941-05-31,,,,,,,
,,,,,,,,,,,,,,,,,,,1941.416667,24.25,1941-06-30,,,,,,,
,,,,,,,,,,,,,,,,,,,1941.5,23.8,1941-07-31,,,,,,,
,,,,,,,,,,,,,,,,,,,1941.583333,23.73,1941-08-31,,,,,,,
,,,,,,,,,,,,,,,,,,,1941.666667,22.29,1941-09-30,,,,,,,
,,,,,,,,,,,,,,,,,,,1941.75,20.49,1941-10-31,,,,,,,
,,,,,,,,,,,,,,,,,,,1941.833333,16.17,1941-11-30,,,,,,,
,,,,,,,,,,,,,,,,,,,1941.916667,14.35,1941-12-31,,,,,,,
,,,,,,,,,,,,,,,,,,,1942,13.15,1942-01-31,,,,,,,
,,,,,,,,,,,,,,,,,,,1942.083333,15.06,1942-02-28,,,,,,,
,,,,,,,,,,,,,,,,,,,1942.166667,18.16,1942-03-31,,,,,,,
,,,,,,,,,,,,,,,,,,,1942.25,21.59,1942-04-30,,,,,,,
,,,,,,,,,,,,,,,,,,,1942.333333,23.81,1942-05-31,,,,,,,
,,,,,,,,,,,,,,,,,,,1942.416667,24.29,1942-06-30,,,,,,,
,,,,,,,,,,,,,,,,,,,1942.5,23.85,1942-07-31,,,,,,,
,,,,,,,,,,,,,,,,,,,1942.583333,23.27,1942-08-31,,,,,,,
,,,,,,,,,,,,,,,,,,,1942.666667,22.07,1942-09-30,,,,,,,
,,,,,,,,,,,,,,,,,,,1942.75,19.09,1942-10-31,,,,,,,
,,,,,,,,,,,,,,,,,,,1942.833333,15.91,1942-11-30,,,,,,,
,,,,,,,,,,,,,,,,,,,1942.916667,13.61,1942-12-31,,,,,,,
,,,,,,,,,,,,,,,,,,,1943,13.67,1943-01-31,,,,,,,
,,,,,,,,,,,,,,,,,,,1943.083333,13.84,1943-02-28,,,,,,,
,,,,,,,,,,,,,,,,,,,1943.166667,17.56,1943-03-31,,,,,,,
,,,,,,,,,,,,,,,,,,,1943.25,20.36,1943-04-30,,,,,,,
,,,,,,,,,,,,,,,,,,,1943.333333,22.95,1943-05-31,,,,,,,
,,,,,,,,,,,,,,,,,,,1943.416667,23.41,1943-06-30,,,,,,,
,,,,,,,,,,,,,,,,,,,1943.5,23.5,1943-07-31,,,,,,,
,,,,,,,,,,,,,,,,,,,1943.583333,23.11,1943-08-31,,,,,,,
,,,,,,,,,,,,,,,,,,,1943.666667,22.31,1943-09-30,,,,,,,
,,,,,,,,,,,,,,,,,,,1943.75,18.97,1943-10-31,,,,,,,
,,,,,,,,,,,,,,,,,,,1943.833333,15.93,1943-11-30,,,,,,,
,,,,,,,,,,,,,,,,,,,1943.916667,13.17,1943-12-31,,,,,,,
,,,,,,,,,,,,,,,,,,,1944,12.82,1944-01-31,,,,,,,
,,,,,,,,,,,,,,,,,,,1944.083333,14.08,1944-02-29,,,,,,,
,,,,,,,,,,,,,,,,,,,1944.166667,17.17,1944-03-31,,,,,,,
,,,,,,,,,,,,,,,,,,,1944.25,20.38,1944-04-30,,,,,,,
,,,,,,,,,,,,,,,,,,,1944.333333,23.62,1944-05-31,,,,,,,
,,,,,,,,,,,,,,,,,,,1944.416667,23.72,1944-06-30,,,,,,,
,,,,,,,,,,,,,,,,,,,1944.5,23.96,1944-07-31,,,,,,,
,,,,,,,,,,,,,,,,,,,1944.583333,23.56,1944-08-31,,,,,,,
,,,,,,,,,,,,,,,,,,,1944.666667,21.82,1944-09-30,,,,,,,
,,,,,,,,,,,,,,,,,,,1944.75,19.15,1944-10-31,,,,,,,
,,,,,,,,,,,,,,,,,,,1944.833333,16.04,1944-11-30,,,,,,,
,,,,,,,,,,,,,,,,,,,1944.916667,13.98,1944-12-31,,,,,,,
,,,,,,,,,,,,,,,,,,,1945,12.34,1945-01-31,,,,,,,
,,,,,,,,,,,,,,,,,,,1945.083333,13.51,1945-02-28,,,,,,,
,,,,,,,,,,,,,,,,,,,1945.166667,17.54,1945-03-31,,,,,,,
,,,,,,,,,,,,,,,,,,,1945.25,20.23,1945-04-30,,,,,,,
,,,,,,,,,,,,,,,,,,,1945.333333,23.01,1945-05-31,,,,,,,
,,,,,,,,,,,,,,,,,,,1945.416667,23.99,1945-06-30,,,,,,,
,,,,,,,,,,,,,,,,,,,1945.5,23.71,1945-07-31,,,,,,,
,,,,,,,,,,,,,,,,,,,1945.583333,23.3,1945-08-31,,,,,,,
,,,,,,,,,,,,,,,,,,,1945.666667,22.46,1945-09-30,,,,,,,
,,,,,,,,,,,,,,,,,,,1945.75,19.3,1945-10-31,,,,,,,
,,,,,,,,,,,,,,,,,,,1945.833333,15.21,1945-11-30,,,,,,,
,,,,,,,,,,,,,,,,,,,1945.916667,12.04,1945-12-31,,,,,,,
,,,,,,,,,,,,,,,,,,,1946,12.21,1946-01-31,,,,,,,
,,,,,,,,,,,,,,,,,,,1946.083333,14.9,1946-02-28,,,,,,,
,,,,,,,,,,,,,,,,,,,1946.166667,17.34,1946-03-31,,,,,,,
,,,,,,,,,,,,,,,,,,,1946.25,21.51,1946-04-30,,,,,,,
,,,,,,,,,,,,,,,,,,,1946.333333,23.34,1946-05-31,,,,,,,
,,,,,,,,,,,,,,,,,,,1946.416667,23.83,1946-06-30,,,,,,,
,,,,,,,,,,,,,,,,,,,1946.5,23.85,1946-07-31,,,,,,,
,,,,,,,,,,,,,,,,,,,1946.583333,23.47,1946-08-31,,,,,,,
,,,,,,,,,,,,,,,,,,,1946.666667,21.86,1946-09-30,,,,,,,
,,,,,,,,,,,,,,,,,,,1946.75,20.02,1946-10-31,,,,,,,
,,,,,,,,,,,,,,,,,,,1946.833333,16.36,1946-11-30,,,,,,,
,,,,,,,,,,,,,,,,,,,1946.916667,13.9,1946-12-31,,,,,,,
,,,,,,,,,,,,,,,,,,,1947,12.83,1947-01-31,,,,,,,
,,,,,,,,,,,,,,,,,,,1947.083333,14.32,1947-02-28,,,,,,,
,,,,,,,,,,,,,,,,,,,1947.166667,18.07,1947-03-31,,,,,,,
,,,,,,,,,,,,,,,,,,,1947.25,21.46,1947-04-30,,,,,,,
,,,,,,,,,,,,,,,,,,,1947.333333,23.62,1947-05-31,,,,,,,
,,,,,,,,,,,,,,,,,,,1947.416667,24.32,1947-06-30,,,,,,,
,,,,,,,,,,,,,,,,,,,1947.5,23.71,1947-07-31,,,,,,,
,,,,,,,,,,,,,,,,,,,1947.583333,24.31,1947-08-31,,,,,,,
,,,,,,,,,,,,,,,,,,,1947.666667,22.92,1947-09-30,,,,,,,
,,,,,,,,,,,,,,,,,,,1947.75,20.1,1947-10-31,,,,,,,
,,,,,,,,,,,,,,,,,,,1947.833333,15.85,1947-11-30,,,,,,,
,,,,,,,,,,,,,,,,,,,1947.916667,13.83,1947-12-31,,,,,,,
,,,,,,,,,,,,,,,,,,,1948,13.64,1948-01-31,,,,,,,
,,,,,,,,,,,,,,,,,,,1948.083333,14.39,1948-02-29,,,,,,,
,,,,,,,,,,,,,,,,,,,1948.166667,17.34,1948-03-31,,,,,,,
,,,,,,,,,,,,,,,,,,,1948.25,21.43,1948-04-30,,,,,,,
,,,,,,,,,,,,,,,,,,,1948.333333,23.65,1948-05-31,,,,,,,
,,,,,,,,,,,,,,,,,,,1948.416667,23.9,1948-06-30,,,,,,,
,,,,,,,,,,,,,,,,,,,1948.5,23.7,1948-07-31,,,,,,,
,,,,,,,,,,,,,,,,,,,1948.583333,23.49,1948-08-31,,,,,,,
,,,,,,,,,,,,,,,,,,,1948.666667,22.23,1948-09-30,,,,,,,
,,,,,,,,,,,,,,,,,,,1948.75,20.09,1948-10-31,,,,,,,
,,,,,,,,,,,,,,,,,,,1948.833333,16.37,1948-11-30,,,,,,,
,,,,,,,,,,,,,,,,,,,1948.916667,13.64,1948-12-31,,,,,,,
,,,,,,,,,,,,,,,,,,,1949,13.71,1949-01-31,,,,,,,
,,,,,,,,,,,,,,,,,,,1949.083333,14.03,1949-02-28,,,,,,,
,,,,,,,,,,,,,,,,,,,1949.166667,17.85,1949-03-31,,,,,,,
,,,,,,,,,,,,,,,,,,,1949.25,21.55,1949-04-30,,,,,,,
,,,,,,,,,,,,,,,,,,,1949.333333,23.62,1949-05-31,,,,,,,
,,,,,,,,,,,,,,,,,,,1949.416667,23.68,1949-06-30,,,,,,,
,,,,,,,,,,,,,,,,,,,1949.5,23.76,1949-07-31,,,,,,,
,,,,,,,,,,,,,,,,,,,1949.583333,23.3,1949-08-31,,,,,,,
,,,,,,,,,,,,,,,,,,,1949.666667,22.43,1949-09-30,,,,,,,
,,,,,,,,,,,,,,,,,,,1949.75,19.89,1949-10-31,,,,,,,
,,,,,,,,,,,,,,,,,,,1949.833333,14.92,1949-11-30,,,,,,,
,,,,,,,,,,,,,,,,,,,1949.916667,12.59,1949-12-31,,,,,,,
,,,,,,,,,,,,,,,,,,,1950,13.17,1950-01-31,,,,,,,
,,,,,,,,,,,,,,,,,,,1950.083333,13.62,1950-02-28,,,,,,,
,,,,,,,,,,,,,,,,,,,1950.166667,17.13,1950-03-31,,,,,,,
,,,,,,,,,,,,,,,,,,,1950.25,20.26,1950-04-30,,,,,,,
,,,,,,,,,,,,,,,,,,,1950.333333,23.46,1950-05-31,,,,,,,
,,,,,,,,,,,,,,,,,,,1950.416667,24.06,1950-06-30,,,,,,,
,,,,,,,,,,,,,,,,,,,1950.5,23.75,1950-07-31,,,,,,,
,,,,,,,,,,,,,,,,,,,1950.583333,23.24,1950-08-31,,,,,,,
,,,,,,,,,,,,,,,,,,,1950.666667,21.97,1950-09-30,,,,,,,
,,,,,,,,,,,,,,,,,,,1950.75,19.2,1950-10-31,,,,,,,
,,,,,,,,,,,,,,,,,,,1950.833333,15.26,1950-11-30,,,,,,,
,,,,,,,,,,,,,,,,,,,1950.916667,12.69,1950-12-31,,,,,,,
,,,,,,,,,,,,,,,,,,,1951,13.82,1951-01-31,,,,,,,
,,,,,,,,,,,,,,,,,,,1951.083333,13.56,1951-02-28,,,,,,,
,,,,,,,,,,,,,,,,,,,1951.166667,17.61,1951-03-31,,,,,,,
,,,,,,,,,,,,,,,,,,,1951.25,20.09,1951-04-30,,,,,,,
,,,,,,,,,,,,,,,,,,,1951.333333,23.1,1951-05-31,,,,,,,
,,,,,,,,,,,,,,,,,,,1951.416667,23.45,1951-06-30,,,,,,,
,,,,,,,,,,,,,,,,,,,1951.5,23.45,1951-07-31,,,,,,,
,,,,,,,,,,,,,,,,,,,1951.583333,23.66,1951-08-31,,,,,,,
,,,,,,,,,,,,,,,,,,,1951.666667,22.41,1951-09-30,,,,,,,
,,,,,,,,,,,,,,,,,,,1951.75,20.98,1951-10-31,,,,,,,
,,,,,,,,,,,,,,,,,,,1951.833333,17.02,1951-11-30,,,,,,,
,,,,,,,,,,,,,,,,,,,1951.916667,13.48,1951-12-31,,,,,,,
,,,,,,,,,,,,,,,,,,,1952,13.42,1952-01-31,,,,,,,
,,,,,,,,,,,,,,,,,,,1952.083333,15.64,1952-02-29,,,,,,,
,,,,,,,,,,,,,,,,,,,1952.166667,17.37,1952-03-31,,,,,,,
,,,,,,,,,,,,,,,,,,,1952.25,21.71,1952-04-30,,,,,,,
,,,,,,,,,,,,,,,,,,,1952.333333,23.66,1952-05-31,,,,,,,
,,,,,,,,,,,,,,,,,,,1952.416667,24.07,1952-06-30,,,,,,,
,,,,,,,,,,,,,,,,,,,1952.5,23.86,1952-07-31,,,,,,,
,,,,,,,,,,,,,,,,,,,1952.583333,23.4,1952-08-31,,,,,,,
,,,,,,,,,,,,,,,,,,,1952.666667,22.22,1952-09-30,,,,,,,
,,,,,,,,,,,,,,,,,,,1952.75,19.61,1952-10-31,,,,,,,
,,,,,,,,,,,,,,,,,,,1952.833333,15.49,1952-11-30,,,,,,,
,,,,,,,,,,,,,,,,,,,1952.916667,13.7,1952-12-31,,,,,,,
,,,,,,,,,,,,,,,,,,,1953,13.26,1953-01-31,,,,,,,
,,,,,,,,,,,,,,,,,,,1953.083333,15.2,1953-02-28,,,,,,,
,,,,,,,,,,,,,,,,,,,1953.166667,19.21,1953-03-31,,,,,,,
,,,,,,,,,,,,,,,,,,,1953.25,21.47,1953-04-30,,,,,,,
,,,,,,,,,,,,,,,,,,,1953.333333,23.91,1953-05-31,,,,,,,
,,,,,,,,,,,,,,,,,,,1953.416667,24.39,1953-06-30,,,,,,,
,,,,,,,,,,,,,,,,,,,1953.5,23.84,1953-07-31,,,,,,,
,,,,,,,,,,,,,,,,,,,1953.583333,23.45,1953-08-31,,,,,,,
,,,,,,,,,,,,,,,,,,,1953.666667,22.37,1953-09-30,,,,,,,
,,,,,,,,,,,,,,,,,,,1953.75,19.54,1953-10-31,,,,,,,
,,,,,,,,,,,,,,,,,,,1953.833333,15.8,1953-11-30,,,,,,,
,,,,,,,,,,,,,,,,,,,1953.916667,14.03,1953-12-31,,,,,,,
,,,,,,,,,,,,,,,,,,,1954,12.75,1954-01-31,,,,,,,
,,,,,,,,,,,,,,,,,,,1954.083333,15.28,1954-02-28,,,,,,,
,,,,,,,,,,,,,,,,,,,1954.166667,18.03,1954-03-31,,,,,,,
,,,,,,,,,,,,,,,,,,,1954.25,21.51,1954-04-30,,,,,,,
,,,,,,,,,,,,,,,,,,,1954.333333,23.79,1954-05-31,,,,,,,
,,,,,,,,,,,,,,,,,,,1954.416667,23.96,1954-06-30,,,,,,,
,,,,,,,,,,,,,,,,,,,1954.5,23.44,1954-07-31,,,,,,,
,,,,,,,,,,,,,,,,,,,1954.583333,23.2,1954-08-31,,,,,,,
,,,,,,,,,,,,,,,,,,,1954.666667,22.51,1954-09-30,,,,,,,
,,,,,,,,,,,,,,,,,,,1954.75,18.8,1954-10-31,,,,,,,
,,,,,,,,,,,,,,,,,,,1954.833333,15.26,1954-11-30,,,,,,,
,,,,,,,,,,,,,,,,,,,1954.916667,13.46,1954-12-31,,,,,,,
,,,,,,,,,,,,,,,,,,,1955,13.37,1955-01-31,,,,,,,
,,,,,,,,,,,,,,,,,,,1955.083333,14.67,1955-02-28,,,,,,,
,,,,,,,,,,,,,,,,,,,1955.166667,18.46,1955-03-31,,,,,,,
,,,,,,,,,,,,,,,,,,,1955.25,19.9,1955-04-30,,,,,,,
,,,,,,,,,,,,,,,,,,,1955.333333,22.51,1955-05-31,,,,,,,
,,,,,,,,,,,,,,,,,,,1955.416667,23.68,1955-06-30,,,,,,,
,,,,,,,,,,,,,,,,,,,1955.5,23.4,1955-07-31,,,,,,,
,,,,,,,,,,,,,,,,,,,1955.583333,23.46,1955-08-31,,,,,,,
,,,,,,,,,,,,,,,,,,,1955.666667,22.4,1955-09-30,,,,,,,
,,,,,,,,,,,,,,,,,,,1955.75,19.86,1955-10-31,,,,,,,
,,,,,,,,,,,,,,,,,,,1955.833333,15.43,1955-11-30,,,,,,,
,,,,,,,,,,,,,,,,,,,1955.916667,13.1,1955-12-31,,,,,,,
,,,,,,,,,,,,,,,,,,,1956,12.86,1956-01-31,,,,,,,
,,,,,,,,,,,,,,,,,,,1956.083333,13.66,1956-02-29,,,,,,,
,,,,,,,,,,,,,,,,,,,1956.166667,18.04,1956-03-31,,,,,,,
,,,,,,,,,,,,,,,,,,,1956.25,21.4,1956-04-30,,,,,,,
,,,,,,,,,,,,,,,,,,,1956.333333,23.79,1956-05-31,,,,,,,
,,,,,,,,,,,,,,,,,,,1956.416667,23.62,1956-06-30,,,,,,,
,,,,,,,,,,,,,,,,,,,1956.5,23.41,1956-07-31,,,,,,,
,,,,,,,,,,,,,,,,,,,1956.583333,23,1956-08-31,,,,,,,
,,,,,,,,,,,,,,,,,,,1956.666667,22.25,1956-09-30,,,,,,,
,,,,,,,,,,,,,,,,,,,1956.75,19.84,1956-10-31,,,,,,,
,,,,,,,,,,,,,,,,,,,1956.833333,15.9,1956-11-30,,,,,,,
,,,,,,,,,,,,,,,,,,,1956.916667,13.64,1956-12-31,,,,,,,
,,,,,,,,,,,,,,,,,,,1957,13.42,1957-01-31,,,,,,,
,,,,,,,,,,,,,,,,,,,1957.083333,13.78,1957-02-28,,,,,,,
,,,,,,,,,,,,,,,,,,,1957.166667,16.87,1957-03-31,,,,,,,
,,,,,,,,,,,,,,,,,,,1957.25,20.47,1957-04-30,,,,,,,
,,,,,,,,,,,,,,,,,,,1957.333333,22.94,1957-05-31,,,,,,,
,,,,,,,,,,,,,,,,,,,1957.416667,23.76,1957-06-30,,,,,,,
,,,,,,,,,,,,,,,,,,,1957.5,23.82,1957-07-31,,,,,,,
,,,,,,,,,,,,,,,,,,,1957.583333,23.33,1957-08-31,,,,,,,
,,,,,,,,,,,,,,,,,,,1957.666667,22,1957-09-30,,,,,,,
,,,,,,,,,,,,,,,,,,,1957.75,19.59,1957-10-31,,,,,,,
,,,,,,,,,,,,,,,,,,,1957.833333,16.9,1957-11-30,,,,,,,
,,,,,,,,,,,,,,,,,,,1957.916667,14.68,1957-12-31,,,,,,,
,,,,,,,,,,,,,,,,,,,1958,14.25,1958-01-31,,,,,,,
,,,,,,,,,,,,,,,,,,,1958.083333,14.9,1958-02-28,,,,,,,
,,,,,,,,,,,,,,,,,,,1958.166667,18.25,1958-03-31,,,,,,,
,,,,,,,,,,,,,,,,,,,1958.25,21.95,1958-04-30,,,,,,,
,,,,,,,,,,,,,,,,,,,1958.333333,23.33,1958-05-31,,,,,,,
,,,,,,,,,,,,,,,,,,,1958.416667,24.29,1958-06-30,,,,,,,
,,,,,,,,,,,,,,,,,,,1958.5,24.2,1958-07-31,,,,,,,
,,,,,,,,,,,,,,,,,,,1958.583333,23.31,1958-08-31,,,,,,,
,,,,,,,,,,,,,,,,,,,1958.666667,22.77,1958-09-30,,,,,,,
,,,,,,,,,,,,,,,,,,,1958.75,20.31,1958-10-31,,,,,,,
,,,,,,,,,,,,,,,,,,,1958.833333,16.83,1958-11-30,,,,,,,
,,,,,,,,,,,,,,,,,,,1958.916667,14.65,1958-12-31,,,,,,,
,,,,,,,,,,,,,,,,,,,1959,13.46,1959-01-31,,,,,,,
,,,,,,,,,,,,,,,,,,,1959.083333,14.18,1959-02-28,,,,,,,
,,,,,,,,,,,,,,,,,,,1959.166667,17.82,1959-03-31,,,,,,,
,,,,,,,,,,,,,,,,,,,1959.25,21.46,1959-04-30,,,,,,,
,,,,,,,,,,,,,,,,,,,1959.333333,23.52,1959-05-31,,,,,,,
,,,,,,,,,,,,,,,,,,,1959.416667,24.06,1959-06-30,,,,,,,
,,,,,,,,,,,,,,,,,,,1959.5,23.63,1959-07-31,,,,,,,
,,,,,,,,,,,,,,,,,,,1959.583333,23.71,1959-08-31,,,,,,,
,,,,,,,,,,,,,,,,,,,1959.666667,22.5,1959-09-30,,,,,,,
,,,,,,,,,,,,,,,,,,,1959.75,20.51,1959-10-31,,,,,,,
,,,,,,,,,,,,,,,,,,,1959.833333,16.49,1959-11-30,,,,,,,
,,,,,,,,,,,,,,,,,,,1959.916667,13.89,1959-12-31,,,,,,,
,,,,,,,,,,,,,,,,,,,1960,12.84,1960-01-31,,,,,,,
,,,,,,,,,,,,,,,,,,,1960.083333,15.13,1960-02-29,,,,,,,
,,,,,,,,,,,,,,,,,,,1960.166667,17.28,1960-03-31,,,,,,,
,,,,,,,,,,,,,,,,,,,1960.25,20.44,1960-04-30,,,,,,,
,,,,,,,,,,,,,,,,,,,1960.333333,23.01,1960-05-31,,,,,,,
,,,,,,,,,,,,,,,,,,,1960.416667,23.87,1960-06-30,,,,,,,
,,,,,,,,,,,,,,,,,,,1960.5,23.81,1960-07-31,,,,,,,
,,,,,,,,,,,,,,,,,,,1960.583333,23.7,1960-08-31,,,,,,,
,,,,,,,,,,,,,,,,,,,1960.666667,22.2,1960-09-30,,,,,,,
,,,,,,,,,,,,,,,,,,,1960.75,19.27,1960-10-31,,,,,,,
,,,,,,,,,,,,,,,,,,,1960.833333,15.78,1960-11-30,,,,,,,
,,,,,,,,,,,,,,,,,,,1960.916667,13.93,1960-12-31,,,,,,,
,,,,,,,,,,,,,,,,,,,1961,13.64,1961-01-31,,,,,,,
,,,,,,,,,,,,,,,,,,,1961.083333,13.94,1961-02-28,,,,,,,
,,,,,,,,,,,,,,,,,,,1961.166667,18.19,1961-03-31,,,,,,,
,,,,,,,,,,,,,,,,,,,1961.25,21.05,1961-04-30,,,,,,,
,,,,,,,,,,,,,,,,,,,1961.333333,23.03,1961-05-31,,,,,,,
,,,,,,,,,,,,,,,,,,,1961.416667,23.67,1961-06-30,,,,,,,
,,,,,,,,,,,,,,,,,,,1961.5,23.72,1961-07-31,,,,,,,
,,,,,,,,,,,,,,,,,,,1961.583333,23.49,1961-08-31,,,,,,,
,,,,,,,,,,,,,,,,,,,1961.666667,22.64,1961-09-30,,,,,,,
,,,,,,,,,,,,,,,,,,,1961.75,19.38,1961-10-31,,,,,,,
,,,,,,,,,,,,,,,,,,,1961.833333,15.78,1961-11-30,,,,,,,
,,,,,,,,,,,,,,,,,,,1961.916667,12.7,1961-12-31,,,,,,,
,,,,,,,,,,,,,,,,,,,1962,12.18,1962-01-31,,,,,,,
,,,,,,,,,,,,,,,,,,,1962.083333,14.85,1962-02-28,,,,,,,
,,,,,,,,,,,,,,,,,,,1962.166667,17.52,1962-03-31,,,,,,,
,,,,,,,,,,,,,,,,,,,1962.25,21.14,1962-04-30,,,,,,,
,,,,,,,,,,,,,,,,,,,1962.333333,22.92,1962-05-31,,,,,,,
,,,,,,,,,,,,,,,,,,,1962.416667,23.69,1962-06-30,,,,,,,
,,,,,,,,,,,,,,,,,,,1962.5,23.8,1962-07-31,,,,,,,
,,,,,,,,,,,,,,,,,,,1962.583333,23.24,1962-08-31,,,,,,,
,,,,,,,,,,,,,,,,,,,1962.666667,22.13,1962-09-30,,,,,,,
,,,,,,,,,,,,,,,,,,,1962.75,19.18,1962-10-31,,,,,,,
,,,,,,,,,,,,,,,,,,,1962.833333,15.87,1962-11-30,,,,,,,
,,,,,,,,,,,,,,,,,,,1962.916667,13.91,1962-12-31,,,,,,,
,,,,,,,,,,,,,,,,,,,1963,12.29,1963-01-31,,,,,,,
,,,,,,,,,,,,,,,,,,,1963.083333,14.5,1963-02-28,,,,,,,
,,,,,,,,,,,,,,,,,,,1963.166667,17.67,1963-03-31,,,,,,,
,,,,,,,,,,,,,,,,,,,1963.25,20.47,1963-04-30,,,,,,,
,,,,,,,,,,,,,,,,,,,1963.333333,22.58,1963-05-31,,,,,,,
,,,,,,,,,,,,,,,,,,,1963.416667,23.62,1963-06-30,,,,,,,
,,,,,,,,,,,,,,,,,,,1963.5,23.61,1963-07-31,,,,,,,
,,,,,,,,,,,,,,,,,,,1963.583333,23.31,1963-08-31,,,,,,,
,,,,,,,,,,,,,,,,,,,1963.666667,22.03,1963-09-30,,,,,,,
,,,,,,,,,,,,,,,,,,,1963.75,19.96,1963-10-31,,,,,,,
,,,,,,,,,,,,,,,,,,,1963.833333,17.16,1963-11-30,,,,,,,
,,,,,,,,,,,,,,,,,,,1963.916667,14.13,1963-12-31,,,,,,,
,,,,,,,,,,,,,,,,,,,1964,12.39,1964-01-31,,,,,,,
,,,,,,,,,,,,,,,,,,,1964.083333,14.38,1964-02-29,,,,,,,
,,,,,,,,,,,,,,,,,,,1964.166667,18.39,1964-03-31,,,,,,,
,,,,,,,,,,,,,,,,,,,1964.25,21.51,1964-04-30,,,,,,,
,,,,,,,,,,,,,,,,,,,1964.333333,22.7,1964-05-31,,,,,,,
,,,,,,,,,,,,,,,,,,,1964.416667,23.56,1964-06-30,,,,,,,
,,,,,,,,,,,,,,,,,,,1964.5,23.18,1964-07-31,,,,,,,
,,,,,,,,,,,,,,,,,,,1964.583333,23.28,1964-08-31,,,,,,,
,,,,,,,,,,,,,,,,,,,1964.666667,22.01,1964-09-30,,,,,,,
,,,,,,,,,,,,,,,,,,,1964.75,19.55,1964-10-31,,,,,,,
,,,,,,,,,,,,,,,,,,,1964.833333,15.17,1964-11-30,,,,,,,
,,,,,,,,,,,,,,,,,,,1964.916667,13.17,1964-12-31,,,,,,,
,,,,,,,,,,,,,,,,,,,1965,13.13,1965-01-31,,,,,,,
,,,,,,,,,,,,,,,,,,,1965.083333,14.39,1965-02-28,,,,,,,
,,,,,,,,,,,,,,,,,,,1965.166667,16.88,1965-03-31,,,,,,,
,,,,,,,,,,,,,,,,,,,1965.25,20.11,1965-04-30,,,,,,,
,,,,,,,,,,,,,,,,,,,1965.333333,22.3,1965-05-31,,,,,,,
,,,,,,,,,,,,,,,,,,,1965.416667,23.63,1965-06-30,,,,,,,
,,,,,,,,,,,,,,,,,,,1965.5,23.3,1965-07-31,,,,,,,
,,,,,,,,,,,,,,,,,,,1965.583333,22.58,1965-08-31,,,,,,,
,,,,,,,,,,,,,,,,,,,1965.666667,21.69,1965-09-30,,,,,,,
,,,,,,,,,,,,,,,,,,,1965.75,19.66,1965-10-31,,,,,,,
,,,,,,,,,,,,,,,,,,,1965.833333,16.47,1965-11-30,,,,,,,
,,,,,,,,,,,,,,,,,,,1965.916667,13.58,1965-12-31,,,,,,,
,,,,,,,,,,,,,,,,,,,1966,13.28,1966-01-31,,,,,,,
,,,,,,,,,,,,,,,,,,,1966.083333,15.37,1966-02-28,,,,,,,
,,,,,,,,,,,,,,,,,,,1966.166667,17.56,1966-03-31,,,,,,,
,,,,,,,,,,,,,,,,,,,1966.25,20.89,1966-04-30,,,,,,,
,,,,,,,,,,,,,,,,,,,1966.333333,22.92,1966-05-31,,,,,,,
,,,,,,,,,,,,,,,,,,,1966.416667,23.83,1966-06-30,,,,,,,
,,,,,,,,,,,,,,,,,,,1966.5,23.59,1966-07-31,,,,,,,
,,,,,,,,,,,,,,,,,,,1966.583333,23.29,1966-08-31,,,,,,,
,,,,,,,,,,,,,,,,,,,1966.666667,21.77,1966-09-30,,,,,,,
,,,,,,,,,,,,,,,,,,,1966.75,19.35,1966-10-31,,,,,,,
,,,,,,,,,,,,,,,,,,,1966.833333,16.69,1966-11-30,,,,,,,
,,,,,,,,,,,,,,,,,,,1966.916667,13.15,1966-12-31,,,,,,,
,,,,,,,,,,,,,,,,,,,1967,12.57,1967-01-31,,,,,,,
,,,,,,,,,,,,,,,,,,,1967.083333,14.57,1967-02-28,,,,,,,
,,,,,,,,,,,,,,,,,,,1967.166667,17.17,1967-03-31,,,,,,,
,,,,,,,,,,,,,,,,,,,1967.25,20.44,1967-04-30,,,,,,,
,,,,,,,,,,,,,,,,,,,1967.333333,22.61,1967-05-31,,,,,,,
,,,,,,,,,,,,,,,,,,,1967.416667,23.57,1967-06-30,,,,,,,
,,,,,,,,,,,,,,,,,,,1967.5,23.58,1967-07-31,,,,,,,
,,,,,,,,,,,,,,,,,,,1967.583333,23.07,1967-08-31,,,,,,,
,,,,,,,,,,,,,,,,,,,1967.666667,22.07,1967-09-30,,,,,,,
,,,,,,,,,,,,,,,,,,,1967.75,18.96,1967-10-31,,,,,,,
,,,,,,,,,,,,,,,,,,,1967.833333,15.7,1967-11-30,,,,,,,
,,,,,,,,,,,,,,,,,,,1967.916667,14.65,1967-12-31,,,,,,,
,,,,,,,,,,,,,,,,,,,1968,12.37,1968-01-31,,,,,,,
,,,,,,,,,,,,,,,,,,,1968.083333,13.27,1968-02-29,,,,,,,
,,,,,,,,,,,,,,,,,,,1968.166667,17.43,1968-03-31,,,,,,,
,,,,,,,,,,,,,,,,,,,1968.25,20.22,1968-04-30,,,,,,,
,,,,,,,,,,,,,,,,,,,1968.333333,22.41,1968-05-31,,,,,,,
,,,,,,,,,,,,,,,,,,,1968.416667,23.44,1968-06-30,,,,,,,
,,,,,,,,,,,,,,,,,,,1968.5,23.41,1968-07-31,,,,,,,
,,,,,,,,,,,,,,,,,,,1968.583333,23.02,1968-08-31,,,,,,,
,,,,,,,,,,,,,,,,,,,1968.666667,21.89,1968-09-30,,,,,,,
,,,,,,,,,,,,,,,,,,,1968.75,19.07,1968-10-31,,,,,,,
,,,,,,,,,,,,,,,,,,,1968.833333,15.87,1968-11-30,,,,,,,
,,,,,,,,,,,,,,,,,,,1968.916667,13.6,1968-12-31,,,,,,,
,,,,,,,,,,,,,,,,,,,1969,12.36,1969-01-31,,,,,,,
,,,,,,,,,,,,,,,,,,,1969.083333,14.44,1969-02-28,,,,,,,
,,,,,,,,,,,,,,,,,,,1969.166667,18.49,1969-03-31,,,,,,,
,,,,,,,,,,,,,,,,,,,1969.25,21,1969-04-30,,,,,,,
,,,,,,,,,,,,,,,,,,,1969.333333,22.78,1969-05-31,,,,,,,
,,,,,,,,,,,,,,,,,,,1969.416667,23.97,1969-06-30,,,,,,,
,,,,,,,,,,,,,,,,,,,1969.5,23.64,1969-07-31,,,,,,,
,,,,,,,,,,,,,,,,,,,1969.583333,23.19,1969-08-31,,,,,,,
,,,,,,,,,,,,,,,,,,,1969.666667,21.88,1969-09-30,,,,,,,
,,,,,,,,,,,,,,,,,,,1969.75,19.63,1969-10-31,,,,,,,
,,,,,,,,,,,,,,,,,,,1969.833333,16.82,1969-11-30,,,,,,,
,,,,,,,,,,,,,,,,,,,1969.916667,13.61,1969-12-31,,,,,,,
,,,,,,,,,,,,,,,,,,,1970,13.26,1970-01-31,,,,,,,
,,,,,,,,,,,,,,,,,,,1970.083333,14.59,1970-02-28,,,,,,,
,,,,,,,,,,,,,,,,,,,1970.166667,17.67,1970-03-31,,,,,,,
,,,,,,,,,,,,,,,,,,,1970.25,21.35,1970-04-30,,,,,,,
,,,,,,,,,,,,,,,,,,,1970.333333,23.29,1970-05-31,,,,,,,
,,,,,,,,,,,,,,,,,,,1970.416667,23.46,1970-06-30,,,,,,,
,,,,,,,,,,,,,,,,,,,1970.5,23.41,1970-07-31,,,,,,,
,,,,,,,,,,,,,,,,,,,1970.583333,23.25,1970-08-31,,,,,,,
,,,,,,,,,,,,,,,,,,,1970.666667,22.32,1970-09-30,,,,,,,
,,,,,,,,,,,,,,,,,,,1970.75,19.8,1970-10-31,,,,,,,
,,,,,,,,,,,,,,,,,,,1970.833333,15.18,1970-11-30,,,,,,,
,,,,,,,,,,,,,,,,,,,1970.916667,12.29,1970-12-31,,,,,,,
,,,,,,,,,,,,,,,,,,,1971,12.33,1971-01-31,,,,,,,
,,,,,,,,,,,,,,,,,,,1971.083333,14.04,1971-02-28,,,,,,,
,,,,,,,,,,,,,,,,,,,1971.166667,17.07,1971-03-31,,,,,,,
,,,,,,,,,,,,,,,,,,,1971.25,20.93,1971-04-30,,,,,,,
,,,,,,,,,,,,,,,,,,,1971.333333,22.48,1971-05-31,,,,,,,
,,,,,,,,,,,,,,,,,,,1971.416667,23.44,1971-06-30,,,,,,,
,,,,,,,,,,,,,,,,,,,1971.5,23.13,1971-07-31,,,,,,,
,,,,,,,,,,,,,,,,,,,1971.583333,22.72,1971-08-31,,,,,,,
,,,,,,,,,,,,,,,,,,,1971.666667,21.59,1971-09-30,,,,,,,
,,,,,,,,,,,,,,,,,,,1971.75,19.26,1971-10-31,,,,,,,
,,,,,,,,,,,,,,,,,,,1971.833333,15.24,1971-11-30,,,,,,,
,,,,,,,,,,,,,,,,,,,1971.916667,13.02,1971-12-31,,,,,,,
,,,,,,,,,,,,,,,,,,,1972,12.41,1972-01-31,,,,,,,
,,,,,,,,,,,,,,,,,,,1972.083333,12.99,1972-02-29,,,,,,,
,,,,,,,,,,,,,,,,,,,1972.166667,17.46,1972-03-31,,,,,,,
,,,,,,,,,,,,,,,,,,,1972.25,20.18,1972-04-30,,,,,,,
,,,,,,,,,,,,,,,,,,,1972.333333,22.66,1972-05-31,,,,,,,
,,,,,,,,,,,,,,,,,,,1972.416667,23.67,1972-06-30,,,,,,,
,,,,,,,,,,,,,,,,,,,1972.5,23.32,1972-07-31,,,,,,,
,,,,,,,,,,,,,,,,,,,1972.583333,22.99,1972-08-31,,,,,,,
,,,,,,,,,,,,,,,,,,,1972.666667,21.64,1972-09-30,,,,,,,
,,,,,,,,,,,,,,,,,,,1972.75,19.08,1972-10-31,,,,,,,
,,,,,,,,,,,,,,,,,,,1972.833333,16.23,1972-11-30,,,,,,,
,,,,,,,,,,,,,,,,,,,1972.916667,14.27,1972-12-31,,,,,,,
,,,,,,,,,,,,,,,,,,,1973,12.96,1973-01-31,,,,,,,
,,,,,,,,,,,,,,,,,,,1973.083333,15.29,1973-02-28,,,,,,,
,,,,,,,,,,,,,,,,,,,1973.166667,17.42,1973-03-31,,,,,,,
,,,,,,,,,,,,,,,,,,,1973.25,21.79,1973-04-30,,,,,,,
,,,,,,,,,,,,,,,,,,,1973.333333,23.41,1973-05-31,,,,,,,
,,,,,,,,,,,,,,,,,,,1973.416667,24.2,1973-06-30,,,,,,,
,,,,,,,,,,,,,,,,,,,1973.5,23.75,1973-07-31,,,,,,,
,,,,,,,,,,,,,,,,,,,1973.583333,23.08,1973-08-31,,,,,,,
,,,,,,,,,,,,,,,,,,,1973.666667,22.33,1973-09-30,,,,,,,
,,,,,,,,,,,,,,,,,,,1973.75,19.45,1973-10-31,,,,,,,
,,,,,,,,,,,,,,,,,,,1973.833333,15.53,1973-11-30,,,,,,,
,,,,,,,,,,,,,,,,,,,1973.916667,13.3,1973-12-31,,,,,,,
,,,,,,,,,,,,,,,,,,,1974,12.06,1974-01-31,,,,,,,
,,,,,,,,,,,,,,,,,,,1974.083333,13.47,1974-02-28,,,,,,,
,,,,,,,,,,,,,,,,,,,1974.166667,17.9,1974-03-31,,,,,,,
,,,,,,,,,,,,,,,,,,,1974.25,21.35,1974-04-30,,,,,,,
,,,,,,,,,,,,,,,,,,,1974.333333,22.47,1974-05-31,,,,,,,
,,,,,,,,,,,,,,,,,,,1974.416667,23.11,1974-06-30,,,,,,,
,,,,,,,,,,,,,,,,,,,1974.5,23.1,1974-07-31,,,,,,,
,,,,,,,,,,,,,,,,,,,1974.583333,22.89,1974-08-31,,,,,,,
,,,,,,,,,,,,,,,,,,,1974.666667,21.57,1974-09-30,,,,,,,
,,,,,,,,,,,,,,,,,,,1974.75,19.35,1974-10-31,,,,,,,
,,,,,,,,,,,,,,,,,,,1974.833333,15.12,1974-11-30,,,,,,,
,,,,,,,,,,,,,,,,,,,1974.916667,12.72,1974-12-31,,,,,,,
,,,,,,,,,,,,,,,,,,,1975,12.27,1975-01-31,,,,,,,
,,,,,,,,,,,,,,,,,,,1975.083333,14.25,1975-02-28,,,,,,,
,,,,,,,,,,,,,,,,,,,1975.166667,16.89,1975-03-31,,,,,,,
,,,,,,,,,,,,,,,,,,,1975.25,20.55,1975-04-30,,,,,,,
,,,,,,,,,,,,,,,,,,,1975.333333,22.65,1975-05-31,,,,,,,
,,,,,,,,,,,,,,,,,,,1975.416667,22.97,1975-06-30,,,,,,,
,,,,,,,,,,,,,,,,,,,1975.5,22.65,1975-07-31,,,,,,,
,,,,,,,,,,,,,,,,,,,1975.583333,22.76,1975-08-31,,,,,,,
,,,,,,,,,,,,,,,,,,,1975.666667,21.65,1975-09-30,,,,,,,
,,,,,,,,,,,,,,,,,,,1975.75,19.59,1975-10-31,,,,,,,
,,,,,,,,,,,,,,,,,,,1975.833333,14.8,1975-11-30,,,,,,,
,,,,,,,,,,,,,,,,,,,1975.916667,12.35,1975-12-31,,,,,,,
,,,,,,,,,,,,,,,,,,,1976,12.44,1976-01-31,,,,,,,
,,,,,,,,,,,,,,,,,,,1976.083333,13.91,1976-02-29,,,,,,,
,,,,,,,,,,,,,,,,,,,1976.166667,17.02,1976-03-31,,,,,,,
,,,,,,,,,,,,,,,,,,,1976.25,20.13,1976-04-30,,,,,,,
,,,,,,,,,,,,,,,,,,,1976.333333,22.35,1976-05-31,,,,,,,
,,,,,,,,,,,,,,,,,,,1976.416667,23,1976-06-30,,,,,,,
,,,,,,,,,,,,,,,,,,,1976.5,23.27,1976-07-31,,,,,,,
,,,,,,,,,,,,,,,,,,,1976.583333,22.65,1976-08-31,,,,,,,
,,,,,,,,,,,,,,,,,,,1976.666667,21.73,1976-09-30,,,,,,,
,,,,,,,,,,,,,,,,,,,1976.75,19.51,1976-10-31,,,,,,,
,,,,,,,,,,,,,,,,,,,1976.833333,17.12,1976-11-30,,,,,,,
,,,,,,,,,,,,,,,,,,,1976.916667,13.64,1976-12-31,,,,,,,
,,,,,,,,,,,,,,,,,,,1977,12.64,1977-01-31,,,,,,,
,,,,,,,,,,,,,,,,,,,1977.083333,14.38,1977-02-28,,,,,,,
,,,,,,,,,,,,,,,,,,,1977.166667,18.07,1977-03-31,,,,,,,
,,,,,,,,,,,,,,,,,,,1977.25,21.06,1977-04-30,,,,,,,
,,,,,,,,,,,,,,,,,,,1977.333333,22.14,1977-05-31,,,,,,,
,,,,,,,,,,,,,,,,,,,1977.416667,23.39,1977-06-30,,,,,,,
,,,,,,,,,,,,,,,,,,,1977.5,23.59,1977-07-31,,,,,,,
,,,,,,,,,,,,,,,,,,,1977.583333,23.27,1977-08-31,,,,,,,
,,,,,,,,,,,,,,,,,,,1977.666667,22.1,1977-09-30,,,,,,,
,,,,,,,,,,,,,,,,,,,1977.75,19.66,1977-10-31,,,,,,,
,,,,,,,,,,,,,,,,,,,1977.833333,17.58,1977-11-30,,,,,,,
,,,,,,,,,,,,,,,,,,,1977.916667,13.8,1977-12-31,,,,,,,
,,,,,,,,,,,,,,,,,,,1978,12.61,1978-01-31,,,,,,,
,,,,,,,,,,,,,,,,,,,1978.083333,14.39,1978-02-28,,,,,,,
,,,,,,,,,,,,,,,,,,,1978.166667,16.95,1978-03-31,,,,,,,
,,,,,,,,,,,,,,,,,,,1978.25,20.78,1978-04-30,,,,,,,
,,,,,,,,,,,,,,,,,,,1978.333333,23.5,1978-05-31,,,,,,,
,,,,,,,,,,,,,,,,,,,1978.416667,23.85,1978-06-30,,,,,,,
,,,,,,,,,,,,,,,,,,,1978.5,23.46,1978-07-31,,,,,,,
,,,,,,,,,,,,,,,,,,,1978.583333,23.2,1978-08-31,,,,,,,
,,,,,,,,,,,,,,,,,,,1978.666667,21.86,1978-09-30,,,,,,,
,,,,,,,,,,,,,,,,,,,1978.75,19.45,1978-10-31,,,,,,,
,,,,,,,,,,,,,,,,,,,1978.833333,17.07,1978-11-30,,,,,,,
,,,,,,,,,,,,,,,,,,,1978.916667,13.84,1978-12-31,,,,,,,
,,,,,,,,,,,,,,,,,,,1979,13.34,1979-01-31,,,,,,,
,,,,,,,,,,,,,,,,,,,1979.083333,14.54,1979-02-28,,,,,,,
,,,,,,,,,,,,,,,,,,,1979.166667,16.92,1979-03-31,,,,,,,
,,,,,,,,,,,,,,,,,,,1979.25,21.29,1979-04-30,,,,,,,
,,,,,,,,,,,,,,,,,,,1979.333333,22.68,1979-05-31,,,,,,,
,,,,,,,,,,,,,,,,,,,1979.416667,23.99,1979-06-30,,,,,,,
,,,,,,,,,,,,,,,,,,,1979.5,23.88,1979-07-31,,,,,,,
,,,,,,,,,,,,,,,,,,,1979.583333,23.38,1979-08-31,,,,,,,
,,,,,,,,,,,,,,,,,,,1979.666667,21.84,1979-09-30,,,,,,,
,,,,,,,,,,,,,,,,,,,1979.75,19.98,1979-10-31,,,,,,,
,,,,,,,,,,,,,,,,,,,1979.833333,17.97,1979-11-30,,,,,,,
,,,,,,,,,,,,,,,,,,,1979.916667,14.73,1979-12-31,,,,,,,
,,,,,,,,,,,,,,,,,,,1980,13.27,1980-01-31,,,,,,,
,,,,,,,,,,,,,,,,,,,1980.083333,14.87,1980-02-29,,,,,,,
,,,,,,,,,,,,,,,,,,,1980.166667,17.7,1980-03-31,,,,,,,
,,,,,,,,,,,,,,,,,,,1980.25,21.76,1980-04-30,,,,,,,
,,,,,,,,,,,,,,,,,,,1980.333333,23.45,1980-05-31,,,,,,,
,,,,,,,,,,,,,,,,,,,1980.416667,23.83,1980-06-30,,,,,,,
,,,,,,,,,,,,,,,,,,,1980.5,23.71,1980-07-31,,,,,,,
,,,,,,,,,,,,,,,,,,,1980.583333,23.18,1980-08-31,,,,,,,
,,,,,,,,,,,,,,,,,,,1980.666667,22.16,1980-09-30,,,,,,,
,,,,,,,,,,,,,,,,,,,1980.75,19.76,1980-10-31,,,,,,,
,,,,,,,,,,,,,,,,,,,1980.833333,16.56,1980-11-30,,,,,,,
,,,,,,,,,,,,,,,,,,,1980.916667,14.15,1980-12-31,,,,,,,
,,,,,,,,,,,,,,,,,,,1981,13.06,1981-01-31,,,,,,,
,,,,,,,,,,,,,,,,,,,1981.083333,14.81,1981-02-28,,,,,,,
,,,,,,,,,,,,,,,,,,,1981.166667,17.78,1981-03-31,,,,,,,
,,,,,,,,,,,,,,,,,,,1981.25,21.08,1981-04-30,,,,,,,
,,,,,,,,,,,,,,,,,,,1981.333333,23.17,1981-05-31,,,,,,,
,,,,,,,,,,,,,,,,,,,1981.416667,23.64,1981-06-30,,,,,,,
,,,,,,,,,,,,,,,,,,,1981.5,23.74,1981-07-31,,,,,,,
,,,,,,,,,,,,,,,,,,,1981.583333,23.17,1981-08-31,,,,,,,
,,,,,,,,,,,,,,,,,,,1981.666667,22.01,1981-09-30,,,,,,,
,,,,,,,,,,,,,,,,,,,1981.75,19.48,1981-10-31,,,,,,,
,,,,,,,,,,,,,,,,,,,1981.833333,15.86,1981-11-30,,,,,,,
,,,,,,,,,,,,,,,,,,,1981.916667,13.18,1981-12-31,,,,,,,
,,,,,,,,,,,,,,,,,,,1982,13.29,1982-01-31,,,,,,,
,,,,,,,,,,,,,,,,,,,1982.083333,14.25,1982-02-28,,,,,,,
,,,,,,,,,,,,,,,,,,,1982.166667,17.01,1982-03-31,,,,,,,
,,,,,,,,,,,,,,,,,,,1982.25,20.67,1982-04-30,,,,,,,
,,,,,,,,,,,,,,,,,,,1982.333333,22.49,1982-05-31,,,,,,,
,,,,,,,,,,,,,,,,,,,1982.416667,23.59,1982-06-30,,,,,,,
,,,,,,,,,,,,,,,,,,,1982.5,23.64,1982-07-31,,,,,,,
,,,,,,,,,,,,,,,,,,,1982.583333,23.35,1982-08-31,,,,,,,
,,,,,,,,,,,,,,,,,,,1982.666667,21.81,1982-09-30,,,,,,,
,,,,,,,,,,,,,,,,,,,1982.75,19.63,1982-10-31,,,,,,,
,,,,,,,,,,,,,,,,,,,1982.833333,16.8,1982-11-30,,,,,,,
,,,,,,,,,,,,,,,,,,,1982.916667,13.99,1982-12-31,,,,,,,
,,,,,,,,,,,,,,,,,,,1983,12.88,1983-01-31,,,,,,,
,,,,,,,,,,,,,,,,,,,1983.083333,14.27,1983-02-28,,,,,,,
,,,,,,,,,,,,,,,,,,,1983.166667,17.15,1983-03-31,,,,,,,
,,,,,,,,,,,,,,,,,,,1983.25,20.3,1983-04-30,,,,,,,
,,,,,,,,,,,,,,,,,,,1983.333333,22.86,1983-05-31,,,,,,,
,,,,,,,,,,,,,,,,,,,1983.416667,23.87,1983-06-30,,,,,,,
,,,,,,,,,,,,,,,,,,,1983.5,23.64,1983-07-31,,,,,,,
,,,,,,,,,,,,,,,,,,,1983.583333,23.62,1983-08-31,,,,,,,
,,,,,,,,,,,,,,,,,,,1983.666667,22.52,1983-09-30,,,,,,,
,,,,,,,,,,,,,,,,,,,1983.75,19.57,1983-10-31,,,,,,,
,,,,,,,,,,,,,,,,,,,1983.833333,15.44,1983-11-30,,,,,,,
,,,,,,,,,,,,,,,,,,,1983.916667,13.6,1983-12-31,,,,,,,
,,,,,,,,,,,,,,,,,,,1984,12.97,1984-01-31,,,,,,,
,,,,,,,,,,,,,,,,,,,1984.083333,14.27,1984-02-29,,,,,,,
,,,,,,,,,,,,,,,,,,,1984.166667,18.01,1984-03-31,,,,,,,
,,,,,,,,,,,,,,,,,,,1984.25,21.14,1984-04-30,,,,,,,
,,,,,,,,,,,,,,,,,,,1984.333333,23.55,1984-05-31,,,,,,,
,,,,,,,,,,,,,,,,,,,1984.416667,24,1984-06-30,,,,,,,
,,,,,,,,,,,,,,,,,,,1984.5,23.25,1984-07-31,,,,,,,
,,,,,,,,,,,,,,,,,,,1984.583333,23.6,1984-08-31,,,,,,,
,,,,,,,,,,,,,,,,,,,1984.666667,21.63,1984-09-30,,,,,,,
,,,,,,,,,,,,,,,,,,,1984.75,19.21,1984-10-31,,,,,,,
,,,,,,,,,,,,,,,,,,,1984.833333,15.76,1984-11-30,,,,,,,
,,,,,,,,,,,,,,,,,,,1984.916667,13.57,1984-12-31,,,,,,,
,,,,,,,,,,,,,,,,,,,1985,13.51,1985-01-31,,,,,,,
,,,,,,,,,,,,,,,,,,,1985.083333,14.35,1985-02-28,,,,,,,
,,,,,,,,,,,,,,,,,,,1985.166667,18.44,1985-03-31,,,,,,,
,,,,,,,,,,,,,,,,,,,1985.25,21.32,1985-04-30,,,,,,,
,,,,,,,,,,,,,,,,,,,1985.333333,23.06,1985-05-31,,,,,,,
,,,,,,,,,,,,,,,,,,,1985.416667,23.36,1985-06-30,,,,,,,
,,,,,,,,,,,,,,,,,,,1985.5,23.37,1985-07-31,,,,,,,
,,,,,,,,,,,,,,,,,,,1985.583333,23.18,1985-08-31,,,,,,,
,,,,,,,,,,,,,,,,,,,1985.666667,22,1985-09-30,,,,,,,
,,,,,,,,,,,,,,,,,,,1985.75,19.11,1985-10-31,,,,,,,
,,,,,,,,,,,,,,,,,,,1985.833333,15.69,1985-11-30,,,,,,,
,,,,,,,,,,,,,,,,,,,1985.916667,14.2,1985-12-31,,,,,,,
,,,,,,,,,,,,,,,,,,,1986,12.85,1986-01-31,,,,,,,
,,,,,,,,,,,,,,,,,,,1986.083333,14.38,1986-02-28,,,,,,,
,,,,,,,,,,,,,,,,,,,1986.166667,17.73,1986-03-31,,,,,,,
,,,,,,,,,,,,,,,,,,,1986.25,20.91,1986-04-30,,,,,,,
,,,,,,,,,,,,,,,,,,,1986.333333,22.3,1986-05-31,,,,,,,
,,,,,,,,,,,,,,,,,,,1986.416667,23.4,1986-06-30,,,,,,,
,,,,,,,,,,,,,,,,,,,1986.5,23.48,1986-07-31,,,,,,,
,,,,,,,,,,,,,,,,,,,1986.583333,22.89,1986-08-31,,,,,,,
,,,,,,,,,,,,,,,,,,,1986.666667,21.9,1986-09-30,,,,,,,
,,,,,,,,,,,,,,,,,,,1986.75,19.12,1986-10-31,,,,,,,
,,,,,,,,,,,,,,,,,,,1986.833333,16.14,1986-11-30,,,,,,,
,,,,,,,,,,,,,,,,,,,1986.916667,14.01,1986-12-31,,,,,,,
,,,,,,,,,,,,,,,,,,,1987,13.06,1987-01-31,,,,,,,
,,,,,,,,,,,,,,,,,,,1987.083333,14.55,1987-02-28,,,,,,,
,,,,,,,,,,,,,,,,,,,1987.166667,17.79,1987-03-31,,,,,,,
,,,,,,,,,,,,,,,,,,,1987.25,20.94,1987-04-30,,,,,,,
,,,,,,,,,,,,,,,,,,,1987.333333,22.22,1987-05-31,,,,,,,
,,,,,,,,,,,,,,,,,,,1987.416667,23.93,1987-06-30,,,,,,,
,,,,,,,,,,,,,,,,,,,1987.5,24.08,1987-07-31,,,,,,,
,,,,,,,,,,,,,,,,,,,1987.583333,23.43,1987-08-31,,,,,,,
,,,,,,,,,,,,,,,,,,,1987.666667,22.68,1987-09-30,,,,,,,
,,,,,,,,,,,,,,,,,,,1987.75,19.77,1987-10-31,,,,,,,
,,,,,,,,,,,,,,,,,,,1987.833333,16.33,1987-11-30,,,,,,,
,,,,,,,,,,,,,,,,,,,1987.916667,14.32,1987-12-31,,,,,,,
,,,,,,,,,,,,,,,,,,,1988,13.05,1988-01-31,,,,,,,
,,,,,,,,,,,,,,,,,,,1988.083333,15.1,1988-02-29,,,,,,,
,,,,,,,,,,,,,,,,,,,1988.166667,17.87,1988-03-31,,,,,,,
,,,,,,,,,,,,,,,,,,,1988.25,20.98,1988-04-30,,,,,,,
,,,,,,,,,,,,,,,,,,,1988.333333,23.32,1988-05-31,,,,,,,
,,,,,,,,,,,,,,,,,,,1988.416667,23.61,1988-06-30,,,,,,,
,,,,,,,,,,,,,,,,,,,1988.5,23.42,1988-07-31,,,,,,,
,,,,,,,,,,,,,,,,,,,1988.583333,23.19,1988-08-31,,,,,,,
,,,,,,,,,,,,,,,,,,,1988.666667,22.45,1988-09-30,,,,,,,
,,,,,,,,,,,,,,,,,,,1988.75,19.44,1988-10-31,,,,,,,
,,,,,,,,,,,,,,,,,,,1988.833333,15.53,1988-11-30,,,,,,,
,,,,,,,,,,,,,,,,,,,1988.916667,14.04,1988-12-31,,,,,,,
,,,,,,,,,,,,,,,,,,,1989,12.16,1989-01-31,,,,,,,
,,,,,,,,,,,,,,,,,,,1989.083333,13.88,1989-02-28,,,,,,,
,,,,,,,,,,,,,,,,,,,1989.166667,17.25,1989-03-31,,,,,,,
,,,,,,,,,,,,,,,,,,,1989.25,20.31,1989-04-30,,,,,,,
,,,,,,,,,,,,,,,,,,,1989.333333,22.99,1989-05-31,,,,,,,
,,,,,,,,,,,,,,,,,,,1989.416667,23.13,1989-06-30,,,,,,,
,,,,,,,,,,,,,,,,,,,1989.5,23.23,1989-07-31,,,,,,,
,,,,,,,,,,,,,,,,,,,1989.583333,23.11,1989-08-31,,,,,,,
,,,,,,,,,,,,,,,,,,,1989.666667,22.27,1989-09-30,,,,,,,
,,,,,,,,,,,,,,,,,,,1989.75,19.48,1989-10-31,,,,,,,
,,,,,,,,,,,,,,,,,,,1989.833333,15.97,1989-11-30,,,,,,,
,,,,,,,,,,,,,,,,,,,1989.916667,13.77,1989-12-31,,,,,,,
,,,,,,,,,,,,,,,,,,,1990,12.85,1990-01-31,,,,,,,
,,,,,,,,,,,,,,,,,,,1990.083333,14.97,1990-02-28,,,,,,,
,,,,,,,,,,,,,,,,,,,1990.166667,17.34,1990-03-31,,,,,,,
,,,,,,,,,,,,,,,,,,,1990.25,20.64,1990-04-30,,,,,,,
,,,,,,,,,,,,,,,,,,,1990.333333,22.72,1990-05-31,,,,,,,
,,,,,,,,,,,,,,,,,,,1990.416667,23.6,1990-06-30,,,,,,,
,,,,,,,,,,,,,,,,,,,1990.5,23.37,1990-07-31,,,,,,,
,,,,,,,,,,,,,,,,,,,1990.583333,23.37,1990-08-31,,,,,,,
,,,,,,,,,,,,,,,,,,,1990.666667,22.4,1990-09-30,,,,,,,
,,,,,,,,,,,,,,,,,,,1990.75,19.41,1990-10-31,,,,,,,
,,,,,,,,,,,,,,,,,,,1990.833333,16.43,1990-11-30,,,,,,,
,,,,,,,,,,,,,,,,,,,1990.916667,14.38,1990-12-31,,,,,,,
,,,,,,,,,,,,,,,,,,,1991,12.7,1991-01-31,,,,,,,
,,,,,,,,,,,,,,,,,,,1991.083333,14.75,1991-02-28,,,,,,,
,,,,,,,,,,,,,,,,,,,1991.166667,17.98,1991-03-31,,,,,,,
,,,,,,,,,,,,,,,,,,,1991.25,20.69,1991-04-30,,,,,,,
,,,,,,,,,,,,,,,,,,,1991.333333,23.23,1991-05-31,,,,,,,
,,,,,,,,,,,,,,,,,,,1991.416667,23.71,1991-06-30,,,,,,,
,,,,,,,,,,,,,,,,,,,1991.5,23.76,1991-07-31,,,,,,,
,,,,,,,,,,,,,,,,,,,1991.583333,23.24,1991-08-31,,,,,,,
,,,,,,,,,,,,,,,,,,,1991.666667,22.42,1991-09-30,,,,,,,
,,,,,,,,,,,,,,,,,,,1991.75,19.12,1991-10-31,,,,,,,
,,,,,,,,,,,,,,,,,,,1991.833333,15.89,1991-11-30,,,,,,,
,,,,,,,,,,,,,,,,,,,1991.916667,14.01,1991-12-31,,,,,,,
,,,,,,,,,,,,,,,,,,,1992,12.91,1992-01-31,,,,,,,
,,,,,,,,,,,,,,,,,,,1992.083333,14.23,1992-02-29,,,,,,,
,,,,,,,,,,,,,,,,,,,1992.166667,17.2,1992-03-31,,,,,,,
,,,,,,,,,,,,,,,,,,,1992.25,20.57,1992-04-30,,,,,,,
,,,,,,,,,,,,,,,,,,,1992.333333,22.45,1992-05-31,,,,,,,
,,,,,,,,,,,,,,,,,,,1992.416667,23.71,1992-06-30,,,,,,,
,,,,,,,,,,,,,,,,,,,1992.5,23.56,1992-07-31,,,,,,,
,,,,,,,,,,,,,,,,,,,1992.583333,23.28,1992-08-31,,,,,,,
,,,,,,,,,,,,,,,,,,,1992.666667,22.03,1992-09-30,,,,,,,
,,,,,,,,,,,,,,,,,,,1992.75,19.65,1992-10-31,,,,,,,
,,,,,,,,,,,,,,,,,,,1992.833333,16.5,1992-11-30,,,,,,,
,,,,,,,,,,,,,,,,,,,1992.916667,13.72,1992-12-31,,,,,,,
,,,,,,,,,,,,,,,,,,,1993,12.94,1993-01-31,,,,,,,
,,,,,,,,,,,,,,,,,,,1993.083333,14.88,1993-02-28,,,,,,,
,,,,,,,,,,,,,,,,,,,1993.166667,17.16,1993-03-31,,,,,,,
,,,,,,,,,,,,,,,,,,,1993.25,20.68,1993-04-30,,,,,,,
,,,,,,,,,,,,,,,,,,,1993.333333,23.4,1993-05-31,,,,,,,
,,,,,,,,,,,,,,,,,,,1993.416667,23.86,1993-06-30,,,,,,,
,,,,,,,,,,,,,,,,,,,1993.5,23.58,1993-07-31,,,,,,,
,,,,,,,,,,,,,,,,,,,1993.583333,23.37,1993-08-31,,,,,,,
,,,,,,,,,,,,,,,,,,,1993.666667,22.17,1993-09-30,,,,,,,
,,,,,,,,,,,,,,,,,,,1993.75,19.61,1993-10-31,,,,,,,
,,,,,,,,,,,,,,,,,,,1993.833333,16.78,1993-11-30,,,,,,,
,,,,,,,,,,,,,,,,,,,1993.916667,13.68,1993-12-31,,,,,,,
,,,,,,,,,,,,,,,,,,,1994,13.99,1994-01-31,,,,,,,
,,,,,,,,,,,,,,,,,,,1994.083333,14.9,1994-02-28,,,,,,,
,,,,,,,,,,,,,,,,,,,1994.166667,18.35,1994-03-31,,,,,,,
,,,,,,,,,,,,,,,,,,,1994.25,20.5,1994-04-30,,,,,,,
,,,,,,,,,,,,,,,,,,,1994.333333,23.43,1994-05-31,,,,,,,
,,,,,,,,,,,,,,,,,,,1994.416667,24.08,1994-06-30,,,,,,,
,,,,,,,,,,,,,,,,,,,1994.5,23.83,1994-07-31,,,,,,,
,,,,,,,,,,,,,,,,,,,1994.583333,23.5,1994-08-31,,,,,,,
,,,,,,,,,,,,,,,,,,,1994.666667,21.87,1994-09-30,,,,,,,
,,,,,,,,,,,,,,,,,,,1994.75,19.27,1994-10-31,,,,,,,
,,,,,,,,,,,,,,,,,,,1994.833333,16.4,1994-11-30,,,,,,,
,,,,,,,,,,,,,,,,,,,1994.916667,13.61,1994-12-31,,,,,,,
,,,,,,,,,,,,,,,,,,,1995,13.93,1995-01-31,,,,,,,
,,,,,,,,,,,,,,,,,,,1995.083333,16.05,1995-02-28,,,,,,,
,,,,,,,,,,,,,,,,,,,1995.166667,18.59,1995-03-31,,,,,,,
,,,,,,,,,,,,,,,,,,,1995.25,21.59,1995-04-30,,,,,,,
,,,,,,,,,,,,,,,,,,,1995.333333,24.23,1995-05-31,,,,,,,
,,,,,,,,,,,,,,,,,,,1995.416667,25.28,1995-06-30,,,,,,,
,,,,,,,,,,,,,,,,,,,1995.5,24.24,1995-07-31,,,,,,,
,,,,,,,,,,,,,,,,,,,1995.583333,23.93,1995-08-31,,,,,,,
,,,,,,,,,,,,,,,,,,,1995.666667,23.11,1995-09-30,,,,,,,
,,,,,,,,,,,,,,,,,,,1995.75,21.05,1995-10-31,,,,,,,
,,,,,,,,,,,,,,,,,,,1995.833333,17.47,1995-11-30,,,,,,,
,,,,,,,,,,,,,,,,,,,1995.916667,15.09,1995-12-31,,,,,,,
,,,,,,,,,,,,,,,,,,,1996,14.45,1996-01-31,,,,,,,
,,,,,,,,,,,,,,,,,,,1996.083333,16.06,1996-02-29,,,,,,,
,,,,,,,,,,,,,,,,,,,1996.166667,19.44,1996-03-31,,,,,,,
,,,,,,,,,,,,,,,,,,,1996.25,20.96,1996-04-30,,,,,,,
,,,,,,,,,,,,,,,,,,,1996.333333,23.06,1996-05-31,,,,,,,
,,,,,,,,,,,,,,,,,,,1996.416667,23.76,1996-06-30,,,,,,,
,,,,,,,,,,,,,,,,,,,1996.5,23.68,1996-07-31,,,,,,,
,,,,,,,,,,,,,,,,,,,1996.583333,23.26,1996-08-31,,,,,,,
,,,,,,,,,,,,,,,,,,,1996.666667,22.46,1996-09-30,,,,,,,
,,,,,,,,,,,,,,,,,,,1996.75,19.6,1996-10-31,,,,,,,
,,,,,,,,,,,,,,,,,,,1996.833333,16.02,1996-11-30,,,,,,,
,,,,,,,,,,,,,,,,,,,1996.916667,13.09,1996-12-31,,,,,,,
,,,,,,,,,,,,,,,,,,,1997,12.43,1997-01-31,,,,,,,
,,,,,,,,,,,,,,,,,,,1997.083333,13.82,1997-02-28,,,,,,,
,,,,,,,,,,,,,,,,,,,1997.166667,17.85,1997-03-31,,,,,,,
,,,,,,,,,,,,,,,,,,,1997.25,20.08,1997-04-30,,,,,,,
,,,,,,,,,,,,,,,,,,,1997.333333,22.43,1997-05-31,,,,,,,
,,,,,,,,,,,,,,,,,,,1997.416667,23.65,1997-06-30,,,,,,,
,,,,,,,,,,,,,,,,,,,1997.5,24.16,1997-07-31,,,,,,,
,,,,,,,,,,,,,,,,,,,1997.583333,23.5,1997-08-31,,,,,,,
,,,,,,,,,,,,,,,,,,,1997.666667,22.49,1997-09-30,,,,,,,
,,,,,,,,,,,,,,,,,,,1997.75,19.62,1997-10-31,,,,,,,
,,,,,,,,,,,,,,,,,,,1997.833333,17.27,1997-11-30,,,,,,,
,,,,,,,,,,,,,,,,,,,1997.916667,14.89,1997-12-31,,,,,,,
,,,,,,,,,,,,,,,,,,,1998,13.76,1998-01-31,,,,,,,
,,,,,,,,,,,,,,,,,,,1998.083333,15.23,1998-02-28,,,,,,,
,,,,,,,,,,,,,,,,,,,1998.166667,17.43,1998-03-31,,,,,,,
,,,,,,,,,,,,,,,,,,,1998.25,21.45,1998-04-30,,,,,,,
,,,,,,,,,,,,,,,,,,,1998.333333,23.9,1998-05-31,,,,,,,
,,,,,,,,,,,,,,,,,,,1998.416667,24.23,1998-06-30,,,,,,,
,,,,,,,,,,,,,,,,,,,1998.5,24.02,1998-07-31,,,,,,,
,,,,,,,,,,,,,,,,,,,1998.583333,23.75,1998-08-31,,,,,,,
,,,,,,,,,,,,,,,,,,,1998.666667,22.67,1998-09-30,,,,,,,
,,,,,,,,,,,,,,,,,,,1998.75,20.54,1998-10-31,,,,,,,
,,,,,,,,,,,,,,,,,,,1998.833333,16.87,1998-11-30,,,,,,,
,,,,,,,,,,,,,,,,,,,1998.916667,13.29,1998-12-31,,,,,,,
,,,,,,,,,,,,,,,,,,,1999,13.08,1999-01-31,,,,,,,
,,,,,,,,,,,,,,,,,,,1999.083333,15.79,1999-02-28,,,,,,,
,,,,,,,,,,,,,,,,,,,1999.166667,18.05,1999-03-31,,,,,,,
,,,,,,,,,,,,,,,,,,,1999.25,21.53,1999-04-30,,,,,,,
,,,,,,,,,,,,,,,,,,,1999.333333,22.95,1999-05-31,,,,,,,
,,,,,,,,,,,,,,,,,,,1999.416667,23.32,1999-06-30,,,,,,,
,,,,,,,,,,,,,,,,,,,1999.5,23.73,1999-07-31,,,,,,,
,,,,,,,,,,,,,,,,,,,1999.583333,23.23,1999-08-31,,,,,,,
,,,,,,,,,,,,,,,,,,,1999.666667,22.64,1999-09-30,,,,,,,
,,,,,,,,,,,,,,,,,,,1999.75,19.82,1999-10-31,,,,,,,
,,,,,,,,,,,,,,,,,,,1999.833333,16.7,1999-11-30,,,,,,,
,,,,,,,,,,,,,,,,,,,1999.916667,13.42,1999-12-31,,,,,,,
,,,,,,,,,,,,,,,,,,,2000,13.3,2000-01-31,,,,,,,
,,,,,,,,,,,,,,,,,,,2000.083333,14.38,2000-02-29,,,,,,,
,,,,,,,,,,,,,,,,,,,2000.166667,17.18,2000-03-31,,,,,,,
,,,,,,,,,,,,,,,,,,,2000.25,21.39,2000-04-30,,,,,,,
,,,,,,,,,,,,,,,,,,,2000.333333,23.68,2000-05-31,,,,,,,
,,,,,,,,,,,,,,,,,,,2000.416667,23.78,2000-06-30,,,,,,,
,,,,,,,,,,,,,,,,,,,2000.5,23.71,2000-07-31,,,,,,,
,,,,,,,,,,,,,,,,,,,2000.583333,23.26,2000-08-31,,,,,,,
,,,,,,,,,,,,,,,,,,,2000.666667,22.16,2000-09-30,,,,,,,
,,,,,,,,,,,,,,,,,,,2000.75,20,2000-10-31,,,,,,,
,,,,,,,,,,,,,,,,,,,2000.833333,17.1,2000-11-30,,,,,,,
,,,,,,,,,,,,,,,,,,,2000.916667,13.49,2000-12-31,,,,,,,
,,,,,,,,,,,,,,,,,,,2001,12.63,2001-01-31,,,,,,,
,,,,,,,,,,,,,,,,,,,2001.083333,14.57,2001-02-28,,,,,,,
,,,,,,,,,,,,,,,,,,,2001.166667,17.91,2001-03-31,,,,,,,
,,,,,,,,,,,,,,,,,,,2001.25,21.25,2001-04-30,,,,,,,
,,,,,,,,,,,,,,,,,,,2001.333333,23.96,2001-05-31,,,,,,,
,,,,,,,,,,,,,,,,,,,2001.416667,23.92,2001-06-30,,,,,,,
,,,,,,,,,,,,,,,,,,,2001.5,23.94,2001-07-31,,,,,,,
,,,,,,,,,,,,,,,,,,,2001.583333,23.94,2001-08-31,,,,,,,
,,,,,,,,,,,,,,,,,,,2001.666667,22.15,2001-09-30,,,,,,,
,,,,,,,,,,,,,,,,,,,2001.75,20.22,2001-10-31,,,,,,,
,,,,,,,,,,,,,,,,,,,2001.833333,16.77,2001-11-30,,,,,,,
,,,,,,,,,,,,,,,,,,,2001.916667,13.87,2001-12-31,,,,,,,
,,,,,,,,,,,,,,,,,,,2002,12.99,2002-01-31,,,,,,,
,,,,,,,,,,,,,,,,,,,2002.083333,14.86,2002-02-28,,,,,,,
,,,,,,,,,,,,,,,,,,,2002.166667,18.29,2002-03-31,,,,,,,
,,,,,,,,,,,,,,,,,,,2002.25,21.81,2002-04-30,,,,,,,
,,,,,,,,,,,,,,,,,,,2002.333333,24.05,2002-05-31,,,,,,,
,,,,,,,,,,,,,,,,,,,2002.416667,24.09,2002-06-30,,,,,,,
,,,,,,,,,,,,,,,,,,,2002.5,24.18,2002-07-31,,,,,,,
,,,,,,,,,,,,,,,,,,,2002.583333,23.5,2002-08-31,,,,,,,
,,,,,,,,,,,,,,,,,,,2002.666667,21.82,2002-09-30,,,,,,,
,,,,,,,,,,,,,,,,,,,2002.75,19.86,2002-10-31,,,,,,,
,,,,,,,,,,,,,,,,,,,2002.833333,17.49,2002-11-30,,,,,,,
,,,,,,,,,,,,,,,,,,,2002.916667,13.88,2002-12-31,,,,,,,
,,,,,,,,,,,,,,,,,,,2003,12.94,2003-01-31,,,,,,,
,,,,,,,,,,,,,,,,,,,2003.083333,15.7,2003-02-28,,,,,,,
,,,,,,,,,,,,,,,,,,,2003.166667,18.12,2003-03-31,,,,,,,
,,,,,,,,,,,,,,,,,,,2003.25,21.68,2003-04-30,,,,,,,
,,,,,,,,,,,,,,,,,,,2003.333333,23.18,2003-05-31,,,,,,,
,,,,,,,,,,,,,,,,,,,2003.416667,24.25,2003-06-30,,,,,,,
,,,,,,,,,,,,,,,,,,,2003.5,23.77,2003-07-31,,,,,,,
,,,,,,,,,,,,,,,,,,,2003.583333,23.57,2003-08-31,,,,,,,
,,,,,,,,,,,,,,,,,,,2003.666667,22.62,2003-09-30,,,,,,,
,,,,,,,,,,,,,,,,,,,2003.75,19.57,2003-10-31,,,,,,,
,,,,,,,,,,,,,,,,,,,2003.833333,16.49,2003-11-30,,,,,,,
,,,,,,,,,,,,,,,,,,,2003.916667,14.21,2003-12-31,,,,,,,
,,,,,,,,,,,,,,,,,,,2004,13.77,2004-01-31,,,,,,,
,,,,,,,,,,,,,,,,,,,2004.083333,15,2004-02-29,,,,,,,
,,,,,,,,,,,,,,,,,,,2004.166667,19.02,2004-03-31,,,,,,,
,,,,,,,,,,,,,,,,,,,2004.25,21.79,2004-04-30,,,,,,,
,,,,,,,,,,,,,,,,,,,2004.333333,23.09,2004-05-31,,,,,,,
,,,,,,,,,,,,,,,,,,,2004.416667,23.65,2004-06-30,,,,,,,
,,,,,,,,,,,,,,,,,,,2004.5,23.54,2004-07-31,,,,,,,
,,,,,,,,,,,,,,,,,,,2004.583333,23.48,2004-08-31,,,,,,,
,,,,,,,,,,,,,,,,,,,2004.666667,22.42,2004-09-30,,,,,,,
,,,,,,,,,,,,,,,,,,,2004.75,19.52,2004-10-31,,,,,,,
,,,,,,,,,,,,,,,,,,,2004.833333,16.66,2004-11-30,,,,,,,
,,,,,,,,,,,,,,,,,,,2004.916667,14.33,2004-12-31,,,,,,,
,,,,,,,,,,,,,,,,,,,2005,13.97,2005-01-31,,,,,,,
,,,,,,,,,,,,,,,,,,,2005.083333,15.28,2005-02-28,,,,,,,
,,,,,,,,,,,,,,,,,,,2005.166667,18.79,2005-03-31,,,,,,,
,,,,,,,,,,,,,,,,,,,2005.25,20.86,2005-04-30,,,,,,,
,,,,,,,,,,,,,,,,,,,2005.333333,22.88,2005-05-31,,,,,,,
,,,,,,,,,,,,,,,,,,,2005.416667,24.11,2005-06-30,,,,,,,
,,,,,,,,,,,,,,,,,,,2005.5,23.75,2005-07-31,,,,,,,
,,,,,,,,,,,,,,,,,,,2005.583333,23.4,2005-08-31,,,,,,,
,,,,,,,,,,,,,,,,,,,2005.666667,22.59,2005-09-30,,,,,,,
,,,,,,,,,,,,,,,,,,,2005.75,19.91,2005-10-31,,,,,,,
,,,,,,,,,,,,,,,,,,,2005.833333,15.94,2005-11-30,,,,,,,
,,,,,,,,,,,,,,,,,,,2005.916667,13.43,2005-12-31,,,,,,,
,,,,,,,,,,,,,,,,,,,2006,14.37,2006-01-31,,,,,,,
,,,,,,,,,,,,,,,,,,,2006.083333,16.7,2006-02-28,,,,,,,
,,,,,,,,,,,,,,,,,,,2006.166667,18.26,2006-03-31,,,,,,,
,,,,,,,,,,,,,,,,,,,2006.25,21.05,2006-04-30,,,,,,,
,,,,,,,,,,,,,,,,,,,2006.333333,23.56,2006-05-31,,,,,,,
,,,,,,,,,,,,,,,,,,,2006.416667,23.63,2006-06-30,,,,,,,
,,,,,,,,,,,,,,,,,,,2006.5,24.27,2006-07-31,,,,,,,
,,,,,,,,,,,,,,,,,,,2006.583333,23.57,2006-08-31,,,,,,,
,,,,,,,,,,,,,,,,,,,2006.666667,22.27,2006-09-30,,,,,,,
,,,,,,,,,,,,,,,,,,,2006.75,20.38,2006-10-31,,,,,,,
,,,,,,,,,,,,,,,,,,,2006.833333,17.58,2006-11-30,,,,,,,
,,,,,,,,,,,,,,,,,,,2006.916667,14.71,2006-12-31,,,,,,,
,,,,,,,,,,,,,,,,,,,2007,13.26,2007-01-31,,,,,,,
,,,,,,,,,,,,,,,,,,,2007.083333,15.67,2007-02-28,,,,,,,
,,,,,,,,,,,,,,,,,,,2007.166667,17.71,2007-03-31,,,,,,,
,,,,,,,,,,,,,,,,,,,2007.25,21.82,2007-04-30,,,,,,,
,,,,,,,,,,,,,,,,,,,2007.333333,23.65,2007-05-31,,,,,,,
,,,,,,,,,,,,,,,,,,,2007.416667,23.99,2007-06-30,,,,,,,
,,,,,,,,,,,,,,,,,,,2007.5,24.03,2007-07-31,,,,,,,
,,,,,,,,,,,,,,,,,,,2007.583333,23.7,2007-08-31,,,,,,,
,,,,,,,,,,,,,,,,,,,2007.666667,22.62,2007-09-30,,,,,,,
,,,,,,,,,,,,,,,,,,,2007.75,19.34,2007-10-31,,,,,,,
,,,,,,,,,,,,,,,,,,,2007.833333,16.39,2007-11-30,,,,,,,
,,,,,,,,,,,,,,,,,,,2007.916667,14.11,2007-12-31,,,,,,,
,,,,,,,,,,,,,,,,,,,2008,13.02,2008-01-31,,,,,,,
,,,,,,,,,,,,,,,,,,,2008.083333,14.17,2008-02-29,,,,,,,
,,,,,,,,,,,,,,,,,,,2008.166667,18.53,2008-03-31,,,,,,,
,,,,,,,,,,,,,,,,,,,2008.25,20.94,2008-04-30,,,,,,,
,,,,,,,,,,,,,,,,,,,2008.333333,22.98,2008-05-31,,,,,,,
,,,,,,,,,,,,,,,,,,,2008.416667,24.04,2008-06-30,,,,,,,
,,,,,,,,,,,,,,,,,,,2008.5,23.85,2008-07-31,,,,,,,
,,,,,,,,,,,,,,,,,,,2008.583333,23.31,2008-08-31,,,,,,,
,,,,,,,,,,,,,,,,,,,2008.666667,22.01,2008-09-30,,,,,,,
,,,,,,,,,,,,,,,,,,,2008.75,20.13,2008-10-31,,,,,,,
,,,,,,,,,,,,,,,,,,,2008.833333,16.87,2008-11-30,,,,,,,
,,,,,,,,,,,,,,,,,,,2008.916667,15.3,2008-12-31,,,,,,,
,,,,,,,,,,,,,,,,,,,2009,14.35,2009-01-31,,,,,,,
,,,,,,,,,,,,,,,,,,,2009.083333,15.56,2009-02-28,,,,,,,
,,,,,,,,,,,,,,,,,,,2009.166667,18.54,2009-03-31,,,,,,,
,,,,,,,,,,,,,,,,,,,2009.25,21.58,2009-04-30,,,,,,,
,,,,,,,,,,,,,,,,,,,2009.333333,23.34,2009-05-31,,,,,,,
,,,,,,,,,,,,,,,,,,,2009.416667,23.79,2009-06-30,,,,,,,
,,,,,,,,,,,,,,,,,,,2009.5,23.97,2009-07-31,,,,,,,
,,,,,,,,,,,,,,,,,,,2009.583333,23.91,2009-08-31,,,,,,,
,,,,,,,,,,,,,,,,,,,2009.666667,22.67,2009-09-30,,,,,,,
,,,,,,,,,,,,,,,,,,,2009.75,19.66,2009-10-31,,,,,,,
,,,,,,,,,,,,,,,,,,,2009.833333,17.03,2009-11-30,,,,,,,
,,,,,,,,,,,,,,,,,,,2009.916667,14.92,2009-12-31,,,,,,,
,,,,,,,,,,,,,,,,,,,2010,13.59,2010-01-31,,,,,,,
,,,,,,,,,,,,,,,,,,,2010.083333,15.44,2010-02-28,,,,,,,
,,,,,,,,,,,,,,,,,,,2010.166667,19.61,2010-03-31,,,,,,,
,,,,,,,,,,,,,,,,,,,2010.25,22.68,2010-04-30,,,,,,,
,,,,,,,,,,,,,,,,,,,2010.333333,23.98,2010-05-31,,,,,,,
,,,,,,,,,,,,,,,,,,,2010.416667,23.96,2010-06-30,,,,,,,
,,,,,,,,,,,,,,,,,,,2010.5,23.86,2010-07-31,,,,,,,
,,,,,,,,,,,,,,,,,,,2010.583333,23.91,2010-08-31,,,,,,,
,,,,,,,,,,,,,,,,,,,2010.666667,22.55,2010-09-30,,,,,,,
,,,,,,,,,,,,,,,,,,,2010.75,20.68,2010-10-31,,,,,,,
,,,,,,,,,,,,,,,,,,,2010.833333,17.96,2010-11-30,,,,,,,
,,,,,,,,,,,,,,,,,,,2010.916667,13.57,2010-12-31,,,,,,,
,,,,,,,,,,,,,,,,,,,2011,12.59,2011-01-31,,,,,,,
,,,,,,,,,,,,,,,,,,,2011.083333,15.12,2011-02-28,,,,,,,
,,,,,,,,,,,,,,,,,,,2011.166667,18.05,2011-03-31,,,,,,,
,,,,,,,,,,,,,,,,,,,2011.25,20.5,2011-04-30,,,,,,,
,,,,,,,,,,,,,,,,,,,2011.333333,23.5,2011-05-31,,,,,,,
,,,,,,,,,,,,,,,,,,,2011.416667,24.21,2011-06-30,,,,,,,
,,,,,,,,,,,,,,,,,,,2011.5,23.83,2011-07-31,,,,,,,
,,,,,,,,,,,,,,,,,,,2011.583333,23.55,2011-08-31,,,,,,,
,,,,,,,,,,,,,,,,,,,2011.666667,22.58,2011-09-30,,,,,,,
,,,,,,,,,,,,,,,,,,,2011.75,20.15,2011-10-31,,,,,,,
,,,,,,,,,,,,,,,,,,,2011.833333,17.24,2011-11-30,,,,,,,
,,,,,,,,,,,,,,,,,,,2011.916667,14.1,2011-12-31,,,,,,,
,,,,,,,,,,,,,,,,,,,2012,12.91,2012-01-31,,,,,,,
,,,,,,,,,,,,,,,,,,,2012.083333,14.45,2012-02-29,,,,,,,
,,,,,,,,,,,,,,,,,,,2012.166667,17.79,2012-03-31,,,,,,,
,,,,,,,,,,,,,,,,,,,2012.25,21.3,2012-04-30,,,,,,,
,,,,,,,,,,,,,,,,,,,2012.333333,23.15,2012-05-31,,,,,,,
,,,,,,,,,,,,,,,,,,,2012.416667,24.22,2012-06-30,,,,,,,
,,,,,,,,,,,,,,,,,,,2012.5,24.12,2012-07-31,,,,,,,
,,,,,,,,,,,,,,,,,,,2012.583333,23.69,2012-08-31,,,,,,,
,,,,,,,,,,,,,,,,,,,2012.666667,22.67,2012-09-30,,,,,,,
,,,,,,,,,,,,,,,,,,,2012.75,19.56,2012-10-31,,,,,,,
,,,,,,,,,,,,,,,,,,,2012.833333,16.41,2012-11-30,,,,,,,
,,,,,,,,,,,,,,,,,,,2012.916667,14.53,2012-12-31,,,,,,,
,,,,,,,,,,,,,,,,,,,2013,13.22,2013-01-31,,,,,,,
,,,,,,,,,,,,,,,,,,,2013.083333,15.54,2013-02-28,,,,,,,
,,,,,,,,,,,,,,,,,,,2013.166667,18.45,2013-03-31,,,,,,,
,,,,,,,,,,,,,,,,,,,2013.25,21.29,2013-04-30,,,,,,,
,,,,,,,,,,,,,,,,,,,2013.333333,23.68,2013-05-31,,,,,,,
,,,,,,,,,,,,,,,,,,,2013.416667,24.08,2013-06-30,,,,,,,
,,,,,,,,,,,,,,,,,,,2013.5,23.94,2013-07-31,,,,,,,
,,,,,,,,,,,,,,,,,,,2013.583333,23.7,2013-08-31,,,,,,,
,,,,,,,,,,,,,,,,,,,2013.666667,22.7,2013-09-30,,,,,,,
,,,,,,,,,,,,,,,,,,,2013.75,21.69,2013-10-31,,,,,,,
,,,,,,,,,,,,,,,,,,,2013.833333,16.52,2013-11-30,,,,,,,
,,,,,,,,,,,,,,,,,,,2013.916667,14.01,2013-12-31,,,,,,,
,,,,,,,,,,,,,,,,,,,2014,13.79,2014-01-31,,,,,,,
,,,,,,,,,,,,,,,,,,,2014.083333,14.72,2014-02-28,,,,,,,
,,,,,,,,,,,,,,,,,,,2014.166667,17.73,2014-03-31,,,,,,,
,,,,,,,,,,,,,,,,,,,2014.25,21.07,2014-04-30,,,,,,,
,,,,,,,,,,,,,,,,,,,2014.333333,23.16,2014-05-31,,,,,,,
,,,,,,,,,,,,,,,,,,,2014.416667,24.68,2014-06-30,,,,,,,
,,,,,,,,,,,,,,,,,,,2014.5,24.37,2014-07-31,,,,,,,
,,,,,,,,,,,,,,,,,,,2014.583333,23.58,2014-08-31,,,,,,,
,,,,,,,,,,,,,,,,,,,2014.666667,22.57,2014-09-30,,,,,,,
,,,,,,,,,,,,,,,,,,,2014.75,20.51,2014-10-31,,,,,,,
,,,,,,,,,,,,,,,,,,,2014.833333,17.07,2014-11-30,,,,,,,
,,,,,,,,,,,,,,,,,,,2014.916667,14.02,2014-12-31,,,,,,,
,,,,,,,,,,,,,,,,,,,2015,13.51,2015-01-31,,,,,,,
,,,,,,,,,,,,,,,,,,,2015.083333,15.55,2015-02-28,,,,,,,
,,,,,,,,,,,,,,,,,,,2015.166667,17.99,2015-03-31,,,,,,,
,,,,,,,,,,,,,,,,,,,2015.25,21.18,2015-04-30,,,,,,,
,,,,,,,,,,,,,,,,,,,2015.333333,23.54,2015-05-31,,,,,,,
,,,,,,,,,,,,,,,,,,,2015.416667,23.82,2015-06-30,,,,,,,
,,,,,,,,,,,,,,,,,,,2015.5,24.28,2015-07-31,,,,,,,
,,,,,,,,,,,,,,,,,,,2015.583333,23.82,2015-08-31,,,,,,,
,,,,,,,,,,,,,,,,,,,2015.666667,22.52,2015-09-30,,,,,,,
,,,,,,,,,,,,,,,,,,,2015.75,20.68,2015-10-31,,,,,,,
,,,,,,,,,,,,,,,,,,,2015.833333,17.81,2015-11-30,,,,,,,
,,,,,,,,,,,,,,,,,,,2015.916667,14.75,2015-12-31,,,,,,,
,,,,,,,,,,,,,,,,,,,2016,14.91,2016-01-31,,,,,,,
,,,,,,,,,,,,,,,,,,,2016.083333,17.44,2016-02-29,,,,,,,
,,,,,,,,,,,,,,,,,,,2016.166667,20.59,2016-03-31,,,,,,,
,,,,,,,,,,,,,,,,,,,2016.25,23.75,2016-04-30,,,,,,,
,,,,,,,,,,,,,,,,,,,2016.333333,25.1,2016-05-31,,,,,,,
,,,,,,,,,,,,,,,,,,,2016.416667,25.36,2016-06-30,,,,,,,
,,,,,,,,,,,,,,,,,,,2016.5,24.72,2016-07-31,,,,,,,
,,,,,,,,,,,,,,,,,,,2016.583333,24.56,2016-08-31,,,,,,,
,,,,,,,,,,,,,,,,,,,2016.666667,23.78,2016-09-30,,,,,,,
,,,,,,,,,,,,,,,,,,,2016.75,21.65,2016-10-31,,,,,,,
,,,,,,,,,,,,,,,,,,,2016.833333,17.68,2016-11-30,,,,,,,
,,,,,,,,,,,,,,,,,,,2016.916667,15.78,2016-12-31,,,,,,,
,,,,,,,,,,,,,,,,,,,2017,14.72,2017-01-31,,,,,,,
,,,,,,,,,,,,,,,,,,,2017.083333,16.71,2017-02-28,,,,,,,
,,,,,,,,,,,,,,,,,,,2017.166667,19.55,2017-03-31,,,,,,,
,,,,,,,,,,,,,,,,,,,2017.25,23.4,2017-04-30,,,,,,,
,,,,,,,,,,,,,,,,,,,2017.333333,25.09,2017-05-31,,,,,,,
,,,,,,,,,,,,,,,,,,,2017.416667,25.07,2017-06-30,,,,,,,
,,,,,,,,,,,,,,,,,,,2017.5,24.74,2017-07-31,,,,,,,
,,,,,,,,,,,,,,,,,,,2017.583333,24.52,2017-08-31,,,,,,,
,,,,,,,,,,,,,,,,,,,2017.666667,24.01,2017-09-30,,,,,,,
,,,,,,,,,,,,,,,,,,,2017.75,22.19,2017-10-31,,,,,,,
,,,,,,,,,,,,,,,,,,,2017.833333,18.25,2017-11-30,,,,,,,
,,,,,,,,,,,,,,,,,,,2017.916667,15.76,2017-12-31,,,,,,,
,,,,,,,,,,,,,,,,,,,2018,15.78,2018-01-31,,,,,,,